--
-- PostgreSQL database dump
--

-- Dumped from database version 15.7 (Debian 15.7-1.pgdg120+1)
-- Dumped by pg_dump version 15.7 (Debian 15.7-1.pgdg120+1)

SET statement_timeout = 0;
SET lock_timeout = 0;
SET idle_in_transaction_session_timeout = 0;
SET client_encoding = 'UTF8';
SET standard_conforming_strings = on;
SELECT pg_catalog.set_config('search_path', '', false);
SET check_function_bodies = false;
SET xmloption = content;
SET client_min_messages = warning;
SET row_security = off;

SET default_tablespace = '';

SET default_table_access_method = heap;

--
-- Name: auth_group; Type: TABLE; Schema: public; Owner: beautipong
--

CREATE TABLE public.auth_group (
    id integer NOT NULL,
    name character varying(150) NOT NULL
);


ALTER TABLE public.auth_group OWNER TO beautipong;

--
-- Name: auth_group_id_seq; Type: SEQUENCE; Schema: public; Owner: beautipong
--

ALTER TABLE public.auth_group ALTER COLUMN id ADD GENERATED BY DEFAULT AS IDENTITY (
    SEQUENCE NAME public.auth_group_id_seq
    START WITH 1
    INCREMENT BY 1
    NO MINVALUE
    NO MAXVALUE
    CACHE 1
);


--
-- Name: auth_group_permissions; Type: TABLE; Schema: public; Owner: beautipong
--

CREATE TABLE public.auth_group_permissions (
    id bigint NOT NULL,
    group_id integer NOT NULL,
    permission_id integer NOT NULL
);


ALTER TABLE public.auth_group_permissions OWNER TO beautipong;

--
-- Name: auth_group_permissions_id_seq; Type: SEQUENCE; Schema: public; Owner: beautipong
--

ALTER TABLE public.auth_group_permissions ALTER COLUMN id ADD GENERATED BY DEFAULT AS IDENTITY (
    SEQUENCE NAME public.auth_group_permissions_id_seq
    START WITH 1
    INCREMENT BY 1
    NO MINVALUE
    NO MAXVALUE
    CACHE 1
);


--
-- Name: auth_permission; Type: TABLE; Schema: public; Owner: beautipong
--

CREATE TABLE public.auth_permission (
    id integer NOT NULL,
    name character varying(255) NOT NULL,
    content_type_id integer NOT NULL,
    codename character varying(100) NOT NULL
);


ALTER TABLE public.auth_permission OWNER TO beautipong;

--
-- Name: auth_permission_id_seq; Type: SEQUENCE; Schema: public; Owner: beautipong
--

ALTER TABLE public.auth_permission ALTER COLUMN id ADD GENERATED BY DEFAULT AS IDENTITY (
    SEQUENCE NAME public.auth_permission_id_seq
    START WITH 1
    INCREMENT BY 1
    NO MINVALUE
    NO MAXVALUE
    CACHE 1
);


--
-- Name: chattingRoom_chattingroom; Type: TABLE; Schema: public; Owner: beautipong
--

CREATE TABLE public."chattingRoom_chattingroom" (
    id bigint NOT NULL,
    user1_id bigint NOT NULL,
    user2_id bigint NOT NULL
);


ALTER TABLE public."chattingRoom_chattingroom" OWNER TO beautipong;

--
-- Name: chattingRoom_chattingroom_id_seq; Type: SEQUENCE; Schema: public; Owner: beautipong
--

ALTER TABLE public."chattingRoom_chattingroom" ALTER COLUMN id ADD GENERATED BY DEFAULT AS IDENTITY (
    SEQUENCE NAME public."chattingRoom_chattingroom_id_seq"
    START WITH 1
    INCREMENT BY 1
    NO MINVALUE
    NO MAXVALUE
    CACHE 1
);


--
-- Name: django_admin_log; Type: TABLE; Schema: public; Owner: beautipong
--

CREATE TABLE public.django_admin_log (
    id integer NOT NULL,
    action_time timestamp with time zone NOT NULL,
    object_id text,
    object_repr character varying(200) NOT NULL,
    action_flag smallint NOT NULL,
    change_message text NOT NULL,
    content_type_id integer,
    user_id bigint NOT NULL,
    CONSTRAINT django_admin_log_action_flag_check CHECK ((action_flag >= 0))
);


ALTER TABLE public.django_admin_log OWNER TO beautipong;

--
-- Name: django_admin_log_id_seq; Type: SEQUENCE; Schema: public; Owner: beautipong
--

ALTER TABLE public.django_admin_log ALTER COLUMN id ADD GENERATED BY DEFAULT AS IDENTITY (
    SEQUENCE NAME public.django_admin_log_id_seq
    START WITH 1
    INCREMENT BY 1
    NO MINVALUE
    NO MAXVALUE
    CACHE 1
);


--
-- Name: django_content_type; Type: TABLE; Schema: public; Owner: beautipong
--

CREATE TABLE public.django_content_type (
    id integer NOT NULL,
    app_label character varying(100) NOT NULL,
    model character varying(100) NOT NULL
);


ALTER TABLE public.django_content_type OWNER TO beautipong;

--
-- Name: django_content_type_id_seq; Type: SEQUENCE; Schema: public; Owner: beautipong
--

ALTER TABLE public.django_content_type ALTER COLUMN id ADD GENERATED BY DEFAULT AS IDENTITY (
    SEQUENCE NAME public.django_content_type_id_seq
    START WITH 1
    INCREMENT BY 1
    NO MINVALUE
    NO MAXVALUE
    CACHE 1
);


--
-- Name: django_migrations; Type: TABLE; Schema: public; Owner: beautipong
--

CREATE TABLE public.django_migrations (
    id bigint NOT NULL,
    app character varying(255) NOT NULL,
    name character varying(255) NOT NULL,
    applied timestamp with time zone NOT NULL
);


ALTER TABLE public.django_migrations OWNER TO beautipong;

--
-- Name: django_migrations_id_seq; Type: SEQUENCE; Schema: public; Owner: beautipong
--

ALTER TABLE public.django_migrations ALTER COLUMN id ADD GENERATED BY DEFAULT AS IDENTITY (
    SEQUENCE NAME public.django_migrations_id_seq
    START WITH 1
    INCREMENT BY 1
    NO MINVALUE
    NO MAXVALUE
    CACHE 1
);


--
-- Name: django_session; Type: TABLE; Schema: public; Owner: beautipong
--

CREATE TABLE public.django_session (
    session_key character varying(40) NOT NULL,
    session_data text NOT NULL,
    expire_date timestamp with time zone NOT NULL
);


ALTER TABLE public.django_session OWNER TO beautipong;

--
-- Name: friend_friend; Type: TABLE; Schema: public; Owner: beautipong
--

CREATE TABLE public.friend_friend (
    id bigint NOT NULL,
    user1_victory_num integer NOT NULL,
    user2_victory_num integer NOT NULL,
    status character varying(2) NOT NULL,
    user1_id bigint NOT NULL,
    user2_id bigint NOT NULL
);


ALTER TABLE public.friend_friend OWNER TO beautipong;

--
-- Name: friend_friend_id_seq; Type: SEQUENCE; Schema: public; Owner: beautipong
--

ALTER TABLE public.friend_friend ALTER COLUMN id ADD GENERATED BY DEFAULT AS IDENTITY (
    SEQUENCE NAME public.friend_friend_id_seq
    START WITH 1
    INCREMENT BY 1
    NO MINVALUE
    NO MAXVALUE
    CACHE 1
);


--
-- Name: game_game; Type: TABLE; Schema: public; Owner: beautipong
--

CREATE TABLE public.game_game (
    id bigint NOT NULL,
    user1_score bigint NOT NULL,
    user2_score bigint NOT NULL,
    create_time timestamp with time zone NOT NULL,
    user1_id bigint NOT NULL,
    user2_id bigint NOT NULL
);


ALTER TABLE public.game_game OWNER TO beautipong;

--
-- Name: game_game_id_seq; Type: SEQUENCE; Schema: public; Owner: beautipong
--

ALTER TABLE public.game_game ALTER COLUMN id ADD GENERATED BY DEFAULT AS IDENTITY (
    SEQUENCE NAME public.game_game_id_seq
    START WITH 1
    INCREMENT BY 1
    NO MINVALUE
    NO MAXVALUE
    CACHE 1
);


--
-- Name: message_message; Type: TABLE; Schema: public; Owner: beautipong
--

CREATE TABLE public.message_message (
    id bigint NOT NULL,
    content text NOT NULL,
    created_at timestamp with time zone NOT NULL,
    room_id bigint NOT NULL,
    sender_id bigint NOT NULL
);


ALTER TABLE public.message_message OWNER TO beautipong;

--
-- Name: message_message_id_seq; Type: SEQUENCE; Schema: public; Owner: beautipong
--

ALTER TABLE public.message_message ALTER COLUMN id ADD GENERATED BY DEFAULT AS IDENTITY (
    SEQUENCE NAME public.message_message_id_seq
    START WITH 1
    INCREMENT BY 1
    NO MINVALUE
    NO MAXVALUE
    CACHE 1
);


--
-- Name: otp_otp; Type: TABLE; Schema: public; Owner: beautipong
--

CREATE TABLE public.otp_otp (
    id bigint NOT NULL,
    otp character varying(6) NOT NULL,
    created_at timestamp with time zone NOT NULL,
    user_id bigint NOT NULL
);


ALTER TABLE public.otp_otp OWNER TO beautipong;

--
-- Name: otp_otp_id_seq; Type: SEQUENCE; Schema: public; Owner: beautipong
--

ALTER TABLE public.otp_otp ALTER COLUMN id ADD GENERATED BY DEFAULT AS IDENTITY (
    SEQUENCE NAME public.otp_otp_id_seq
    START WITH 1
    INCREMENT BY 1
    NO MINVALUE
    NO MAXVALUE
    CACHE 1
);


--
-- Name: scoreHistory_scorehistory; Type: TABLE; Schema: public; Owner: beautipong
--

CREATE TABLE public."scoreHistory_scorehistory" (
    id bigint NOT NULL,
    score bigint NOT NULL,
    create_time timestamp with time zone NOT NULL,
    user_id bigint NOT NULL
);


ALTER TABLE public."scoreHistory_scorehistory" OWNER TO beautipong;

--
-- Name: scoreHistory_scorehistory_id_seq; Type: SEQUENCE; Schema: public; Owner: beautipong
--

ALTER TABLE public."scoreHistory_scorehistory" ALTER COLUMN id ADD GENERATED BY DEFAULT AS IDENTITY (
    SEQUENCE NAME public."scoreHistory_scorehistory_id_seq"
    START WITH 1
    INCREMENT BY 1
    NO MINVALUE
    NO MAXVALUE
    CACHE 1
);


--
-- Name: token_blacklist_blacklistedtoken; Type: TABLE; Schema: public; Owner: beautipong
--

CREATE TABLE public.token_blacklist_blacklistedtoken (
    id bigint NOT NULL,
    blacklisted_at timestamp with time zone NOT NULL,
    token_id bigint NOT NULL
);


ALTER TABLE public.token_blacklist_blacklistedtoken OWNER TO beautipong;

--
-- Name: token_blacklist_blacklistedtoken_id_seq; Type: SEQUENCE; Schema: public; Owner: beautipong
--

ALTER TABLE public.token_blacklist_blacklistedtoken ALTER COLUMN id ADD GENERATED BY DEFAULT AS IDENTITY (
    SEQUENCE NAME public.token_blacklist_blacklistedtoken_id_seq
    START WITH 1
    INCREMENT BY 1
    NO MINVALUE
    NO MAXVALUE
    CACHE 1
);


--
-- Name: token_blacklist_outstandingtoken; Type: TABLE; Schema: public; Owner: beautipong
--

CREATE TABLE public.token_blacklist_outstandingtoken (
    id bigint NOT NULL,
    token text NOT NULL,
    created_at timestamp with time zone,
    expires_at timestamp with time zone NOT NULL,
    user_id bigint,
    jti character varying(255) NOT NULL
);


ALTER TABLE public.token_blacklist_outstandingtoken OWNER TO beautipong;

--
-- Name: token_blacklist_outstandingtoken_id_seq; Type: SEQUENCE; Schema: public; Owner: beautipong
--

ALTER TABLE public.token_blacklist_outstandingtoken ALTER COLUMN id ADD GENERATED BY DEFAULT AS IDENTITY (
    SEQUENCE NAME public.token_blacklist_outstandingtoken_id_seq
    START WITH 1
    INCREMENT BY 1
    NO MINVALUE
    NO MAXVALUE
    CACHE 1
);


--
-- Name: users_customuser; Type: TABLE; Schema: public; Owner: beautipong
--

CREATE TABLE public.users_customuser (
    id bigint NOT NULL,
    password character varying(128) NOT NULL,
    last_login timestamp with time zone,
    is_superuser boolean NOT NULL,
    nickname character varying(30) NOT NULL,
    "userID" character varying(30),
    "oauthID" character varying(30),
    score integer NOT NULL,
    image text,
    is_active boolean NOT NULL,
    is_staff boolean NOT NULL,
    date_joined timestamp with time zone NOT NULL,
    email character varying(254) NOT NULL,
    match_cnt integer NOT NULL,
    win_cnt integer NOT NULL
);


ALTER TABLE public.users_customuser OWNER TO beautipong;

--
-- Name: users_customuser_groups; Type: TABLE; Schema: public; Owner: beautipong
--

CREATE TABLE public.users_customuser_groups (
    id bigint NOT NULL,
    customuser_id bigint NOT NULL,
    group_id integer NOT NULL
);


ALTER TABLE public.users_customuser_groups OWNER TO beautipong;

--
-- Name: users_customuser_groups_id_seq; Type: SEQUENCE; Schema: public; Owner: beautipong
--

ALTER TABLE public.users_customuser_groups ALTER COLUMN id ADD GENERATED BY DEFAULT AS IDENTITY (
    SEQUENCE NAME public.users_customuser_groups_id_seq
    START WITH 1
    INCREMENT BY 1
    NO MINVALUE
    NO MAXVALUE
    CACHE 1
);


--
-- Name: users_customuser_id_seq; Type: SEQUENCE; Schema: public; Owner: beautipong
--

ALTER TABLE public.users_customuser ALTER COLUMN id ADD GENERATED BY DEFAULT AS IDENTITY (
    SEQUENCE NAME public.users_customuser_id_seq
    START WITH 1
    INCREMENT BY 1
    NO MINVALUE
    NO MAXVALUE
    CACHE 1
);


--
-- Name: users_customuser_user_permissions; Type: TABLE; Schema: public; Owner: beautipong
--

CREATE TABLE public.users_customuser_user_permissions (
    id bigint NOT NULL,
    customuser_id bigint NOT NULL,
    permission_id integer NOT NULL
);


ALTER TABLE public.users_customuser_user_permissions OWNER TO beautipong;

--
-- Name: users_customuser_user_permissions_id_seq; Type: SEQUENCE; Schema: public; Owner: beautipong
--

ALTER TABLE public.users_customuser_user_permissions ALTER COLUMN id ADD GENERATED BY DEFAULT AS IDENTITY (
    SEQUENCE NAME public.users_customuser_user_permissions_id_seq
    START WITH 1
    INCREMENT BY 1
    NO MINVALUE
    NO MAXVALUE
    CACHE 1
);


--
-- Data for Name: auth_group; Type: TABLE DATA; Schema: public; Owner: beautipong
--

COPY public.auth_group (id, name) FROM stdin;
\.


--
-- Data for Name: auth_group_permissions; Type: TABLE DATA; Schema: public; Owner: beautipong
--

COPY public.auth_group_permissions (id, group_id, permission_id) FROM stdin;
\.


--
-- Data for Name: auth_permission; Type: TABLE DATA; Schema: public; Owner: beautipong
--

COPY public.auth_permission (id, name, content_type_id, codename) FROM stdin;
1	Can add log entry	1	add_logentry
2	Can change log entry	1	change_logentry
3	Can delete log entry	1	delete_logentry
4	Can view log entry	1	view_logentry
5	Can add permission	2	add_permission
6	Can change permission	2	change_permission
7	Can delete permission	2	delete_permission
8	Can view permission	2	view_permission
9	Can add group	3	add_group
10	Can change group	3	change_group
11	Can delete group	3	delete_group
12	Can view group	3	view_group
13	Can add content type	4	add_contenttype
14	Can change content type	4	change_contenttype
15	Can delete content type	4	delete_contenttype
16	Can view content type	4	view_contenttype
17	Can add session	5	add_session
18	Can change session	5	change_session
19	Can delete session	5	delete_session
20	Can view session	5	view_session
21	Can add blacklisted token	6	add_blacklistedtoken
22	Can change blacklisted token	6	change_blacklistedtoken
23	Can delete blacklisted token	6	delete_blacklistedtoken
24	Can view blacklisted token	6	view_blacklistedtoken
25	Can add outstanding token	7	add_outstandingtoken
26	Can change outstanding token	7	change_outstandingtoken
27	Can delete outstanding token	7	delete_outstandingtoken
28	Can view outstanding token	7	view_outstandingtoken
29	Can add custom user	8	add_customuser
30	Can change custom user	8	change_customuser
31	Can delete custom user	8	delete_customuser
32	Can view custom user	8	view_customuser
33	Can add chatting room	9	add_chattingroom
34	Can change chatting room	9	change_chattingroom
35	Can delete chatting room	9	delete_chattingroom
36	Can view chatting room	9	view_chattingroom
37	Can add friend	10	add_friend
38	Can change friend	10	change_friend
39	Can delete friend	10	delete_friend
40	Can view friend	10	view_friend
41	Can add game	11	add_game
42	Can change game	11	change_game
43	Can delete game	11	delete_game
44	Can view game	11	view_game
45	Can add message	12	add_message
46	Can change message	12	change_message
47	Can delete message	12	delete_message
48	Can view message	12	view_message
49	Can add score history	13	add_scorehistory
50	Can change score history	13	change_scorehistory
51	Can delete score history	13	delete_scorehistory
52	Can view score history	13	view_scorehistory
53	Can add otp	14	add_otp
54	Can change otp	14	change_otp
55	Can delete otp	14	delete_otp
56	Can view otp	14	view_otp
\.


--
-- Data for Name: chattingRoom_chattingroom; Type: TABLE DATA; Schema: public; Owner: beautipong
--

COPY public."chattingRoom_chattingroom" (id, user1_id, user2_id) FROM stdin;
\.


--
-- Data for Name: django_admin_log; Type: TABLE DATA; Schema: public; Owner: beautipong
--

COPY public.django_admin_log (id, action_time, object_id, object_repr, action_flag, change_message, content_type_id, user_id) FROM stdin;
\.


--
-- Data for Name: django_content_type; Type: TABLE DATA; Schema: public; Owner: beautipong
--

COPY public.django_content_type (id, app_label, model) FROM stdin;
1	admin	logentry
2	auth	permission
3	auth	group
4	contenttypes	contenttype
5	sessions	session
6	token_blacklist	blacklistedtoken
7	token_blacklist	outstandingtoken
8	users	customuser
9	chattingRoom	chattingroom
10	friend	friend
11	game	game
12	message	message
13	scoreHistory	scorehistory
14	otp	otp
\.


--
-- Data for Name: django_migrations; Type: TABLE DATA; Schema: public; Owner: beautipong
--

COPY public.django_migrations (id, app, name, applied) FROM stdin;
1	contenttypes	0001_initial	2024-08-13 07:57:49.332871+00
2	contenttypes	0002_remove_content_type_name	2024-08-13 07:57:49.34828+00
3	auth	0001_initial	2024-08-13 07:57:49.362808+00
4	auth	0002_alter_permission_name_max_length	2024-08-13 07:57:49.364866+00
5	auth	0003_alter_user_email_max_length	2024-08-13 07:57:49.366836+00
6	auth	0004_alter_user_username_opts	2024-08-13 07:57:49.368691+00
7	auth	0005_alter_user_last_login_null	2024-08-13 07:57:49.37061+00
8	auth	0006_require_contenttypes_0002	2024-08-13 07:57:49.371253+00
9	auth	0007_alter_validators_add_error_messages	2024-08-13 07:57:49.373126+00
10	auth	0008_alter_user_username_max_length	2024-08-13 07:57:49.374925+00
11	auth	0009_alter_user_last_name_max_length	2024-08-13 07:57:49.37674+00
12	auth	0010_alter_group_name_max_length	2024-08-13 07:57:49.378645+00
13	auth	0011_update_proxy_permissions	2024-08-13 07:57:49.380743+00
14	auth	0012_alter_user_first_name_max_length	2024-08-13 07:57:49.383162+00
15	users	0001_initial	2024-08-13 07:57:49.397139+00
16	admin	0001_initial	2024-08-13 07:57:49.40556+00
17	admin	0002_logentry_remove_auto_add	2024-08-13 07:57:49.408077+00
18	admin	0003_logentry_add_action_flag_choices	2024-08-13 07:57:49.410569+00
19	chattingRoom	0001_initial	2024-08-13 07:57:49.416566+00
20	friend	0001_initial	2024-08-13 07:57:49.422259+00
21	friend	0002_alter_friend_status	2024-08-13 07:57:49.425993+00
22	game	0001_initial	2024-08-13 07:57:49.432191+00
23	message	0001_initial	2024-08-13 07:57:49.440219+00
24	otp	0001_initial	2024-08-13 07:57:49.445483+00
25	scoreHistory	0001_initial	2024-08-13 07:57:49.451186+00
26	sessions	0001_initial	2024-08-13 07:57:49.455013+00
27	token_blacklist	0001_initial	2024-08-13 07:57:49.468868+00
28	token_blacklist	0002_outstandingtoken_jti_hex	2024-08-13 07:57:49.473211+00
29	token_blacklist	0003_auto_20171017_2007	2024-08-13 07:57:49.478378+00
30	token_blacklist	0004_auto_20171017_2013	2024-08-13 07:57:49.48478+00
31	token_blacklist	0005_remove_outstandingtoken_jti	2024-08-13 07:57:49.488756+00
32	token_blacklist	0006_auto_20171017_2113	2024-08-13 07:57:49.49285+00
33	token_blacklist	0007_auto_20171017_2214	2024-08-13 07:57:49.502558+00
34	token_blacklist	0008_migrate_to_bigautofield	2024-08-13 07:57:49.518771+00
35	token_blacklist	0010_fix_migrate_to_bigautofield	2024-08-13 07:57:49.525016+00
36	token_blacklist	0011_linearizes_history	2024-08-13 07:57:49.525661+00
37	token_blacklist	0012_alter_outstandingtoken_user	2024-08-13 07:57:49.53009+00
38	users	0002_alter_customuser_userid	2024-08-13 07:57:49.536463+00
39	users	0003_customuser_match_cnt_customuser_win_cnt_and_more	2024-08-13 07:57:49.547502+00
40	users	0004_alter_customuser_image	2024-08-13 07:57:49.551771+00
41	users	0005_alter_customuser_is_active	2024-08-13 07:57:49.55651+00
42	users	0006_alter_customuser_is_active	2024-08-13 07:57:49.560261+00
\.


--
-- Data for Name: django_session; Type: TABLE DATA; Schema: public; Owner: beautipong
--

COPY public.django_session (session_key, session_data, expire_date) FROM stdin;
\.


--
-- Data for Name: friend_friend; Type: TABLE DATA; Schema: public; Owner: beautipong
--

COPY public.friend_friend (id, user1_victory_num, user2_victory_num, status, user1_id, user2_id) FROM stdin;
\.


--
-- Data for Name: game_game; Type: TABLE DATA; Schema: public; Owner: beautipong
--

COPY public.game_game (id, user1_score, user2_score, create_time, user1_id, user2_id) FROM stdin;
\.


--
-- Data for Name: message_message; Type: TABLE DATA; Schema: public; Owner: beautipong
--

COPY public.message_message (id, content, created_at, room_id, sender_id) FROM stdin;
\.


--
-- Data for Name: otp_otp; Type: TABLE DATA; Schema: public; Owner: beautipong
--

COPY public.otp_otp (id, otp, created_at, user_id) FROM stdin;
\.


--
-- Data for Name: scoreHistory_scorehistory; Type: TABLE DATA; Schema: public; Owner: beautipong
--

COPY public."scoreHistory_scorehistory" (id, score, create_time, user_id) FROM stdin;
\.


--
-- Data for Name: token_blacklist_blacklistedtoken; Type: TABLE DATA; Schema: public; Owner: beautipong
--

COPY public.token_blacklist_blacklistedtoken (id, blacklisted_at, token_id) FROM stdin;
\.


--
-- Data for Name: token_blacklist_outstandingtoken; Type: TABLE DATA; Schema: public; Owner: beautipong
--

COPY public.token_blacklist_outstandingtoken (id, token, created_at, expires_at, user_id, jti) FROM stdin;
1	eyJhbGciOiJIUzI1NiIsInR5cCI6IkpXVCJ9.eyJ0b2tlbl90eXBlIjoicmVmcmVzaCIsImV4cCI6MTcyNDE0MDg0OCwiaWF0IjoxNzIzNTM2MDQ4LCJqdGkiOiI4OTFjZDY3MTI1NTM0NmIxYmY2OWFjYzRjMzhmMzY1MyIsInVzZXJfaWQiOjJ9.WQaj0XqdCSaUu3OYI-AjROjOB_RYWPK5hvaD_gfQxWc	2024-08-13 08:00:48.645826+00	2024-08-20 08:00:48+00	2	891cd671255346b1bf69acc4c38f3653
2	eyJhbGciOiJIUzI1NiIsInR5cCI6IkpXVCJ9.eyJ0b2tlbl90eXBlIjoicmVmcmVzaCIsImV4cCI6MTcyNDE0MDkwMSwiaWF0IjoxNzIzNTM2MTAxLCJqdGkiOiJjNTRmZTBlMTg3YjQ0MDBmYWQ5OTE4ZWE0YmQ1OWE4YyIsInVzZXJfaWQiOjN9.S1l-J63oqE9pMc9CoRiE8h6ZzRKfEWxp9gEnkIbtkbE	2024-08-13 08:01:41.994207+00	2024-08-20 08:01:41+00	3	c54fe0e187b4400fad9918ea4bd59a8c
\.


--
-- Data for Name: users_customuser; Type: TABLE DATA; Schema: public; Owner: beautipong
--

COPY public.users_customuser (id, password, last_login, is_superuser, nickname, "userID", "oauthID", score, image, is_active, is_staff, date_joined, email, match_cnt, win_cnt) FROM stdin;
2	pbkdf2_sha256$600000$484IISnLZusSnix97w4c4p$bxGJpQpw47c7nuZiyo/CNaiXjNZVTwjUKV+JMl7CZoI=	\N	f	dongseo	dongseo	\N	1000	\N	t	f	2024-08-13 08:00:23.978217+00	dongseo@stu	0	0
3	pbkdf2_sha256$600000$guceJFAorgZslllzSffJWq$XKJF7LzYkxB5PYN7y8cyX4r0fmIv+fHQrvBPkexal70=	\N	f	ttt	tt	\N	1000	\N	t	f	2024-08-13 08:01:37.164766+00	tt@naver.com	0	0
\.


--
-- Data for Name: users_customuser_groups; Type: TABLE DATA; Schema: public; Owner: beautipong
--

COPY public.users_customuser_groups (id, customuser_id, group_id) FROM stdin;
\.


--
-- Data for Name: users_customuser_user_permissions; Type: TABLE DATA; Schema: public; Owner: beautipong
--

COPY public.users_customuser_user_permissions (id, customuser_id, permission_id) FROM stdin;
\.


--
-- Name: auth_group_id_seq; Type: SEQUENCE SET; Schema: public; Owner: beautipong
--

SELECT pg_catalog.setval('public.auth_group_id_seq', 1, false);


--
-- Name: auth_group_permissions_id_seq; Type: SEQUENCE SET; Schema: public; Owner: beautipong
--

SELECT pg_catalog.setval('public.auth_group_permissions_id_seq', 1, false);


--
-- Name: auth_permission_id_seq; Type: SEQUENCE SET; Schema: public; Owner: beautipong
--

SELECT pg_catalog.setval('public.auth_permission_id_seq', 56, true);


--
-- Name: chattingRoom_chattingroom_id_seq; Type: SEQUENCE SET; Schema: public; Owner: beautipong
--

SELECT pg_catalog.setval('public."chattingRoom_chattingroom_id_seq"', 1, false);


--
-- Name: django_admin_log_id_seq; Type: SEQUENCE SET; Schema: public; Owner: beautipong
--

SELECT pg_catalog.setval('public.django_admin_log_id_seq', 1, false);


--
-- Name: django_content_type_id_seq; Type: SEQUENCE SET; Schema: public; Owner: beautipong
--

SELECT pg_catalog.setval('public.django_content_type_id_seq', 14, true);


--
-- Name: django_migrations_id_seq; Type: SEQUENCE SET; Schema: public; Owner: beautipong
--

SELECT pg_catalog.setval('public.django_migrations_id_seq', 42, true);


--
-- Name: friend_friend_id_seq; Type: SEQUENCE SET; Schema: public; Owner: beautipong
--

SELECT pg_catalog.setval('public.friend_friend_id_seq', 1, false);


--
-- Name: game_game_id_seq; Type: SEQUENCE SET; Schema: public; Owner: beautipong
--

SELECT pg_catalog.setval('public.game_game_id_seq', 1, false);


--
-- Name: message_message_id_seq; Type: SEQUENCE SET; Schema: public; Owner: beautipong
--

SELECT pg_catalog.setval('public.message_message_id_seq', 1, false);


--
-- Name: otp_otp_id_seq; Type: SEQUENCE SET; Schema: public; Owner: beautipong
--

SELECT pg_catalog.setval('public.otp_otp_id_seq', 1, false);


--
-- Name: scoreHistory_scorehistory_id_seq; Type: SEQUENCE SET; Schema: public; Owner: beautipong
--

SELECT pg_catalog.setval('public."scoreHistory_scorehistory_id_seq"', 1, false);


--
-- Name: token_blacklist_blacklistedtoken_id_seq; Type: SEQUENCE SET; Schema: public; Owner: beautipong
--

SELECT pg_catalog.setval('public.token_blacklist_blacklistedtoken_id_seq', 1, false);


--
-- Name: token_blacklist_outstandingtoken_id_seq; Type: SEQUENCE SET; Schema: public; Owner: beautipong
--

SELECT pg_catalog.setval('public.token_blacklist_outstandingtoken_id_seq', 2, true);


--
-- Name: users_customuser_groups_id_seq; Type: SEQUENCE SET; Schema: public; Owner: beautipong
--

SELECT pg_catalog.setval('public.users_customuser_groups_id_seq', 1, false);


--
-- Name: users_customuser_id_seq; Type: SEQUENCE SET; Schema: public; Owner: beautipong
--

SELECT pg_catalog.setval('public.users_customuser_id_seq', 3, true);


--
-- Name: users_customuser_user_permissions_id_seq; Type: SEQUENCE SET; Schema: public; Owner: beautipong
--

SELECT pg_catalog.setval('public.users_customuser_user_permissions_id_seq', 1, false);


--
-- Name: auth_group auth_group_name_key; Type: CONSTRAINT; Schema: public; Owner: beautipong
--

ALTER TABLE ONLY public.auth_group
    ADD CONSTRAINT auth_group_name_key UNIQUE (name);


--
-- Name: auth_group_permissions auth_group_permissions_group_id_permission_id_0cd325b0_uniq; Type: CONSTRAINT; Schema: public; Owner: beautipong
--

ALTER TABLE ONLY public.auth_group_permissions
    ADD CONSTRAINT auth_group_permissions_group_id_permission_id_0cd325b0_uniq UNIQUE (group_id, permission_id);


--
-- Name: auth_group_permissions auth_group_permissions_pkey; Type: CONSTRAINT; Schema: public; Owner: beautipong
--

ALTER TABLE ONLY public.auth_group_permissions
    ADD CONSTRAINT auth_group_permissions_pkey PRIMARY KEY (id);


--
-- Name: auth_group auth_group_pkey; Type: CONSTRAINT; Schema: public; Owner: beautipong
--

ALTER TABLE ONLY public.auth_group
    ADD CONSTRAINT auth_group_pkey PRIMARY KEY (id);


--
-- Name: auth_permission auth_permission_content_type_id_codename_01ab375a_uniq; Type: CONSTRAINT; Schema: public; Owner: beautipong
--

ALTER TABLE ONLY public.auth_permission
    ADD CONSTRAINT auth_permission_content_type_id_codename_01ab375a_uniq UNIQUE (content_type_id, codename);


--
-- Name: auth_permission auth_permission_pkey; Type: CONSTRAINT; Schema: public; Owner: beautipong
--

ALTER TABLE ONLY public.auth_permission
    ADD CONSTRAINT auth_permission_pkey PRIMARY KEY (id);


--
-- Name: chattingRoom_chattingroom chattingRoom_chattingroom_pkey; Type: CONSTRAINT; Schema: public; Owner: beautipong
--

ALTER TABLE ONLY public."chattingRoom_chattingroom"
    ADD CONSTRAINT "chattingRoom_chattingroom_pkey" PRIMARY KEY (id);


--
-- Name: django_admin_log django_admin_log_pkey; Type: CONSTRAINT; Schema: public; Owner: beautipong
--

ALTER TABLE ONLY public.django_admin_log
    ADD CONSTRAINT django_admin_log_pkey PRIMARY KEY (id);


--
-- Name: django_content_type django_content_type_app_label_model_76bd3d3b_uniq; Type: CONSTRAINT; Schema: public; Owner: beautipong
--

ALTER TABLE ONLY public.django_content_type
    ADD CONSTRAINT django_content_type_app_label_model_76bd3d3b_uniq UNIQUE (app_label, model);


--
-- Name: django_content_type django_content_type_pkey; Type: CONSTRAINT; Schema: public; Owner: beautipong
--

ALTER TABLE ONLY public.django_content_type
    ADD CONSTRAINT django_content_type_pkey PRIMARY KEY (id);


--
-- Name: django_migrations django_migrations_pkey; Type: CONSTRAINT; Schema: public; Owner: beautipong
--

ALTER TABLE ONLY public.django_migrations
    ADD CONSTRAINT django_migrations_pkey PRIMARY KEY (id);


--
-- Name: django_session django_session_pkey; Type: CONSTRAINT; Schema: public; Owner: beautipong
--

ALTER TABLE ONLY public.django_session
    ADD CONSTRAINT django_session_pkey PRIMARY KEY (session_key);


--
-- Name: friend_friend friend_friend_pkey; Type: CONSTRAINT; Schema: public; Owner: beautipong
--

ALTER TABLE ONLY public.friend_friend
    ADD CONSTRAINT friend_friend_pkey PRIMARY KEY (id);


--
-- Name: game_game game_game_pkey; Type: CONSTRAINT; Schema: public; Owner: beautipong
--

ALTER TABLE ONLY public.game_game
    ADD CONSTRAINT game_game_pkey PRIMARY KEY (id);


--
-- Name: message_message message_message_pkey; Type: CONSTRAINT; Schema: public; Owner: beautipong
--

ALTER TABLE ONLY public.message_message
    ADD CONSTRAINT message_message_pkey PRIMARY KEY (id);


--
-- Name: otp_otp otp_otp_pkey; Type: CONSTRAINT; Schema: public; Owner: beautipong
--

ALTER TABLE ONLY public.otp_otp
    ADD CONSTRAINT otp_otp_pkey PRIMARY KEY (id);


--
-- Name: scoreHistory_scorehistory scoreHistory_scorehistory_pkey; Type: CONSTRAINT; Schema: public; Owner: beautipong
--

ALTER TABLE ONLY public."scoreHistory_scorehistory"
    ADD CONSTRAINT "scoreHistory_scorehistory_pkey" PRIMARY KEY (id);


--
-- Name: token_blacklist_blacklistedtoken token_blacklist_blacklistedtoken_pkey; Type: CONSTRAINT; Schema: public; Owner: beautipong
--

ALTER TABLE ONLY public.token_blacklist_blacklistedtoken
    ADD CONSTRAINT token_blacklist_blacklistedtoken_pkey PRIMARY KEY (id);


--
-- Name: token_blacklist_blacklistedtoken token_blacklist_blacklistedtoken_token_id_key; Type: CONSTRAINT; Schema: public; Owner: beautipong
--

ALTER TABLE ONLY public.token_blacklist_blacklistedtoken
    ADD CONSTRAINT token_blacklist_blacklistedtoken_token_id_key UNIQUE (token_id);


--
-- Name: token_blacklist_outstandingtoken token_blacklist_outstandingtoken_jti_hex_d9bdf6f7_uniq; Type: CONSTRAINT; Schema: public; Owner: beautipong
--

ALTER TABLE ONLY public.token_blacklist_outstandingtoken
    ADD CONSTRAINT token_blacklist_outstandingtoken_jti_hex_d9bdf6f7_uniq UNIQUE (jti);


--
-- Name: token_blacklist_outstandingtoken token_blacklist_outstandingtoken_pkey; Type: CONSTRAINT; Schema: public; Owner: beautipong
--

ALTER TABLE ONLY public.token_blacklist_outstandingtoken
    ADD CONSTRAINT token_blacklist_outstandingtoken_pkey PRIMARY KEY (id);


--
-- Name: users_customuser users_customuser_email_key; Type: CONSTRAINT; Schema: public; Owner: beautipong
--

ALTER TABLE ONLY public.users_customuser
    ADD CONSTRAINT users_customuser_email_key UNIQUE (email);


--
-- Name: users_customuser_groups users_customuser_groups_customuser_id_group_id_76b619e3_uniq; Type: CONSTRAINT; Schema: public; Owner: beautipong
--

ALTER TABLE ONLY public.users_customuser_groups
    ADD CONSTRAINT users_customuser_groups_customuser_id_group_id_76b619e3_uniq UNIQUE (customuser_id, group_id);


--
-- Name: users_customuser_groups users_customuser_groups_pkey; Type: CONSTRAINT; Schema: public; Owner: beautipong
--

ALTER TABLE ONLY public.users_customuser_groups
    ADD CONSTRAINT users_customuser_groups_pkey PRIMARY KEY (id);


--
-- Name: users_customuser users_customuser_nickname_key; Type: CONSTRAINT; Schema: public; Owner: beautipong
--

ALTER TABLE ONLY public.users_customuser
    ADD CONSTRAINT users_customuser_nickname_key UNIQUE (nickname);


--
-- Name: users_customuser users_customuser_pkey; Type: CONSTRAINT; Schema: public; Owner: beautipong
--

ALTER TABLE ONLY public.users_customuser
    ADD CONSTRAINT users_customuser_pkey PRIMARY KEY (id);


--
-- Name: users_customuser users_customuser_userID_41614333_uniq; Type: CONSTRAINT; Schema: public; Owner: beautipong
--

ALTER TABLE ONLY public.users_customuser
    ADD CONSTRAINT "users_customuser_userID_41614333_uniq" UNIQUE ("userID");


--
-- Name: users_customuser_user_permissions users_customuser_user_pe_customuser_id_permission_7a7debf6_uniq; Type: CONSTRAINT; Schema: public; Owner: beautipong
--

ALTER TABLE ONLY public.users_customuser_user_permissions
    ADD CONSTRAINT users_customuser_user_pe_customuser_id_permission_7a7debf6_uniq UNIQUE (customuser_id, permission_id);


--
-- Name: users_customuser_user_permissions users_customuser_user_permissions_pkey; Type: CONSTRAINT; Schema: public; Owner: beautipong
--

ALTER TABLE ONLY public.users_customuser_user_permissions
    ADD CONSTRAINT users_customuser_user_permissions_pkey PRIMARY KEY (id);


--
-- Name: auth_group_name_a6ea08ec_like; Type: INDEX; Schema: public; Owner: beautipong
--

CREATE INDEX auth_group_name_a6ea08ec_like ON public.auth_group USING btree (name varchar_pattern_ops);


--
-- Name: auth_group_permissions_group_id_b120cbf9; Type: INDEX; Schema: public; Owner: beautipong
--

CREATE INDEX auth_group_permissions_group_id_b120cbf9 ON public.auth_group_permissions USING btree (group_id);


--
-- Name: auth_group_permissions_permission_id_84c5c92e; Type: INDEX; Schema: public; Owner: beautipong
--

CREATE INDEX auth_group_permissions_permission_id_84c5c92e ON public.auth_group_permissions USING btree (permission_id);


--
-- Name: auth_permission_content_type_id_2f476e4b; Type: INDEX; Schema: public; Owner: beautipong
--

CREATE INDEX auth_permission_content_type_id_2f476e4b ON public.auth_permission USING btree (content_type_id);


--
-- Name: chattingRoom_chattingroom_user1_id_0ff1fc68; Type: INDEX; Schema: public; Owner: beautipong
--

CREATE INDEX "chattingRoom_chattingroom_user1_id_0ff1fc68" ON public."chattingRoom_chattingroom" USING btree (user1_id);


--
-- Name: chattingRoom_chattingroom_user2_id_4507923d; Type: INDEX; Schema: public; Owner: beautipong
--

CREATE INDEX "chattingRoom_chattingroom_user2_id_4507923d" ON public."chattingRoom_chattingroom" USING btree (user2_id);


--
-- Name: django_admin_log_content_type_id_c4bce8eb; Type: INDEX; Schema: public; Owner: beautipong
--

CREATE INDEX django_admin_log_content_type_id_c4bce8eb ON public.django_admin_log USING btree (content_type_id);


--
-- Name: django_admin_log_user_id_c564eba6; Type: INDEX; Schema: public; Owner: beautipong
--

CREATE INDEX django_admin_log_user_id_c564eba6 ON public.django_admin_log USING btree (user_id);


--
-- Name: django_session_expire_date_a5c62663; Type: INDEX; Schema: public; Owner: beautipong
--

CREATE INDEX django_session_expire_date_a5c62663 ON public.django_session USING btree (expire_date);


--
-- Name: django_session_session_key_c0390e0f_like; Type: INDEX; Schema: public; Owner: beautipong
--

CREATE INDEX django_session_session_key_c0390e0f_like ON public.django_session USING btree (session_key varchar_pattern_ops);


--
-- Name: friend_friend_user1_id_06d6bec5; Type: INDEX; Schema: public; Owner: beautipong
--

CREATE INDEX friend_friend_user1_id_06d6bec5 ON public.friend_friend USING btree (user1_id);


--
-- Name: friend_friend_user2_id_f2e93b15; Type: INDEX; Schema: public; Owner: beautipong
--

CREATE INDEX friend_friend_user2_id_f2e93b15 ON public.friend_friend USING btree (user2_id);


--
-- Name: game_game_user1_id_3c6cac14; Type: INDEX; Schema: public; Owner: beautipong
--

CREATE INDEX game_game_user1_id_3c6cac14 ON public.game_game USING btree (user1_id);


--
-- Name: game_game_user2_id_2e325fd9; Type: INDEX; Schema: public; Owner: beautipong
--

CREATE INDEX game_game_user2_id_2e325fd9 ON public.game_game USING btree (user2_id);


--
-- Name: message_message_room_id_818bc4c4; Type: INDEX; Schema: public; Owner: beautipong
--

CREATE INDEX message_message_room_id_818bc4c4 ON public.message_message USING btree (room_id);


--
-- Name: message_message_sender_id_b8690ab2; Type: INDEX; Schema: public; Owner: beautipong
--

CREATE INDEX message_message_sender_id_b8690ab2 ON public.message_message USING btree (sender_id);


--
-- Name: otp_otp_user_id_fe9d6c52; Type: INDEX; Schema: public; Owner: beautipong
--

CREATE INDEX otp_otp_user_id_fe9d6c52 ON public.otp_otp USING btree (user_id);


--
-- Name: scoreHistory_scorehistory_user_id_934dc866; Type: INDEX; Schema: public; Owner: beautipong
--

CREATE INDEX "scoreHistory_scorehistory_user_id_934dc866" ON public."scoreHistory_scorehistory" USING btree (user_id);


--
-- Name: token_blacklist_outstandingtoken_jti_hex_d9bdf6f7_like; Type: INDEX; Schema: public; Owner: beautipong
--

CREATE INDEX token_blacklist_outstandingtoken_jti_hex_d9bdf6f7_like ON public.token_blacklist_outstandingtoken USING btree (jti varchar_pattern_ops);


--
-- Name: token_blacklist_outstandingtoken_user_id_83bc629a; Type: INDEX; Schema: public; Owner: beautipong
--

CREATE INDEX token_blacklist_outstandingtoken_user_id_83bc629a ON public.token_blacklist_outstandingtoken USING btree (user_id);


--
-- Name: users_customuser_email_6445acef_like; Type: INDEX; Schema: public; Owner: beautipong
--

CREATE INDEX users_customuser_email_6445acef_like ON public.users_customuser USING btree (email varchar_pattern_ops);


--
-- Name: users_customuser_groups_customuser_id_958147bf; Type: INDEX; Schema: public; Owner: beautipong
--

CREATE INDEX users_customuser_groups_customuser_id_958147bf ON public.users_customuser_groups USING btree (customuser_id);


--
-- Name: users_customuser_groups_group_id_01390b14; Type: INDEX; Schema: public; Owner: beautipong
--

CREATE INDEX users_customuser_groups_group_id_01390b14 ON public.users_customuser_groups USING btree (group_id);


--
-- Name: users_customuser_nickname_ecc84e12_like; Type: INDEX; Schema: public; Owner: beautipong
--

CREATE INDEX users_customuser_nickname_ecc84e12_like ON public.users_customuser USING btree (nickname varchar_pattern_ops);


--
-- Name: users_customuser_userID_41614333_like; Type: INDEX; Schema: public; Owner: beautipong
--

CREATE INDEX "users_customuser_userID_41614333_like" ON public.users_customuser USING btree ("userID" varchar_pattern_ops);


--
-- Name: users_customuser_user_permissions_customuser_id_5771478b; Type: INDEX; Schema: public; Owner: beautipong
--

CREATE INDEX users_customuser_user_permissions_customuser_id_5771478b ON public.users_customuser_user_permissions USING btree (customuser_id);


--
-- Name: users_customuser_user_permissions_permission_id_baaa2f74; Type: INDEX; Schema: public; Owner: beautipong
--

CREATE INDEX users_customuser_user_permissions_permission_id_baaa2f74 ON public.users_customuser_user_permissions USING btree (permission_id);


--
-- Name: auth_group_permissions auth_group_permissio_permission_id_84c5c92e_fk_auth_perm; Type: FK CONSTRAINT; Schema: public; Owner: beautipong
--

ALTER TABLE ONLY public.auth_group_permissions
    ADD CONSTRAINT auth_group_permissio_permission_id_84c5c92e_fk_auth_perm FOREIGN KEY (permission_id) REFERENCES public.auth_permission(id) DEFERRABLE INITIALLY DEFERRED;


--
-- Name: auth_group_permissions auth_group_permissions_group_id_b120cbf9_fk_auth_group_id; Type: FK CONSTRAINT; Schema: public; Owner: beautipong
--

ALTER TABLE ONLY public.auth_group_permissions
    ADD CONSTRAINT auth_group_permissions_group_id_b120cbf9_fk_auth_group_id FOREIGN KEY (group_id) REFERENCES public.auth_group(id) DEFERRABLE INITIALLY DEFERRED;


--
-- Name: auth_permission auth_permission_content_type_id_2f476e4b_fk_django_co; Type: FK CONSTRAINT; Schema: public; Owner: beautipong
--

ALTER TABLE ONLY public.auth_permission
    ADD CONSTRAINT auth_permission_content_type_id_2f476e4b_fk_django_co FOREIGN KEY (content_type_id) REFERENCES public.django_content_type(id) DEFERRABLE INITIALLY DEFERRED;


--
-- Name: chattingRoom_chattingroom chattingRoom_chattin_user1_id_0ff1fc68_fk_users_cus; Type: FK CONSTRAINT; Schema: public; Owner: beautipong
--

ALTER TABLE ONLY public."chattingRoom_chattingroom"
    ADD CONSTRAINT "chattingRoom_chattin_user1_id_0ff1fc68_fk_users_cus" FOREIGN KEY (user1_id) REFERENCES public.users_customuser(id) DEFERRABLE INITIALLY DEFERRED;


--
-- Name: chattingRoom_chattingroom chattingRoom_chattin_user2_id_4507923d_fk_users_cus; Type: FK CONSTRAINT; Schema: public; Owner: beautipong
--

ALTER TABLE ONLY public."chattingRoom_chattingroom"
    ADD CONSTRAINT "chattingRoom_chattin_user2_id_4507923d_fk_users_cus" FOREIGN KEY (user2_id) REFERENCES public.users_customuser(id) DEFERRABLE INITIALLY DEFERRED;


--
-- Name: django_admin_log django_admin_log_content_type_id_c4bce8eb_fk_django_co; Type: FK CONSTRAINT; Schema: public; Owner: beautipong
--

ALTER TABLE ONLY public.django_admin_log
    ADD CONSTRAINT django_admin_log_content_type_id_c4bce8eb_fk_django_co FOREIGN KEY (content_type_id) REFERENCES public.django_content_type(id) DEFERRABLE INITIALLY DEFERRED;


--
-- Name: django_admin_log django_admin_log_user_id_c564eba6_fk_users_customuser_id; Type: FK CONSTRAINT; Schema: public; Owner: beautipong
--

ALTER TABLE ONLY public.django_admin_log
    ADD CONSTRAINT django_admin_log_user_id_c564eba6_fk_users_customuser_id FOREIGN KEY (user_id) REFERENCES public.users_customuser(id) DEFERRABLE INITIALLY DEFERRED;


--
-- Name: friend_friend friend_friend_user1_id_06d6bec5_fk_users_customuser_id; Type: FK CONSTRAINT; Schema: public; Owner: beautipong
--

ALTER TABLE ONLY public.friend_friend
    ADD CONSTRAINT friend_friend_user1_id_06d6bec5_fk_users_customuser_id FOREIGN KEY (user1_id) REFERENCES public.users_customuser(id) DEFERRABLE INITIALLY DEFERRED;


--
-- Name: friend_friend friend_friend_user2_id_f2e93b15_fk_users_customuser_id; Type: FK CONSTRAINT; Schema: public; Owner: beautipong
--

ALTER TABLE ONLY public.friend_friend
    ADD CONSTRAINT friend_friend_user2_id_f2e93b15_fk_users_customuser_id FOREIGN KEY (user2_id) REFERENCES public.users_customuser(id) DEFERRABLE INITIALLY DEFERRED;


--
-- Name: game_game game_game_user1_id_3c6cac14_fk_users_customuser_id; Type: FK CONSTRAINT; Schema: public; Owner: beautipong
--

ALTER TABLE ONLY public.game_game
    ADD CONSTRAINT game_game_user1_id_3c6cac14_fk_users_customuser_id FOREIGN KEY (user1_id) REFERENCES public.users_customuser(id) DEFERRABLE INITIALLY DEFERRED;


--
-- Name: game_game game_game_user2_id_2e325fd9_fk_users_customuser_id; Type: FK CONSTRAINT; Schema: public; Owner: beautipong
--

ALTER TABLE ONLY public.game_game
    ADD CONSTRAINT game_game_user2_id_2e325fd9_fk_users_customuser_id FOREIGN KEY (user2_id) REFERENCES public.users_customuser(id) DEFERRABLE INITIALLY DEFERRED;


--
-- Name: message_message message_message_room_id_818bc4c4_fk_chattingR; Type: FK CONSTRAINT; Schema: public; Owner: beautipong
--

ALTER TABLE ONLY public.message_message
    ADD CONSTRAINT "message_message_room_id_818bc4c4_fk_chattingR" FOREIGN KEY (room_id) REFERENCES public."chattingRoom_chattingroom"(id) DEFERRABLE INITIALLY DEFERRED;


--
-- Name: message_message message_message_sender_id_b8690ab2_fk_users_customuser_id; Type: FK CONSTRAINT; Schema: public; Owner: beautipong
--

ALTER TABLE ONLY public.message_message
    ADD CONSTRAINT message_message_sender_id_b8690ab2_fk_users_customuser_id FOREIGN KEY (sender_id) REFERENCES public.users_customuser(id) DEFERRABLE INITIALLY DEFERRED;


--
-- Name: otp_otp otp_otp_user_id_fe9d6c52_fk_users_customuser_id; Type: FK CONSTRAINT; Schema: public; Owner: beautipong
--

ALTER TABLE ONLY public.otp_otp
    ADD CONSTRAINT otp_otp_user_id_fe9d6c52_fk_users_customuser_id FOREIGN KEY (user_id) REFERENCES public.users_customuser(id) DEFERRABLE INITIALLY DEFERRED;


--
-- Name: scoreHistory_scorehistory scoreHistory_scorehi_user_id_934dc866_fk_users_cus; Type: FK CONSTRAINT; Schema: public; Owner: beautipong
--

ALTER TABLE ONLY public."scoreHistory_scorehistory"
    ADD CONSTRAINT "scoreHistory_scorehi_user_id_934dc866_fk_users_cus" FOREIGN KEY (user_id) REFERENCES public.users_customuser(id) DEFERRABLE INITIALLY DEFERRED;


--
-- Name: token_blacklist_blacklistedtoken token_blacklist_blacklistedtoken_token_id_3cc7fe56_fk; Type: FK CONSTRAINT; Schema: public; Owner: beautipong
--

ALTER TABLE ONLY public.token_blacklist_blacklistedtoken
    ADD CONSTRAINT token_blacklist_blacklistedtoken_token_id_3cc7fe56_fk FOREIGN KEY (token_id) REFERENCES public.token_blacklist_outstandingtoken(id) DEFERRABLE INITIALLY DEFERRED;


--
-- Name: token_blacklist_outstandingtoken token_blacklist_outs_user_id_83bc629a_fk_users_cus; Type: FK CONSTRAINT; Schema: public; Owner: beautipong
--

ALTER TABLE ONLY public.token_blacklist_outstandingtoken
    ADD CONSTRAINT token_blacklist_outs_user_id_83bc629a_fk_users_cus FOREIGN KEY (user_id) REFERENCES public.users_customuser(id) DEFERRABLE INITIALLY DEFERRED;


--
-- Name: users_customuser_groups users_customuser_gro_customuser_id_958147bf_fk_users_cus; Type: FK CONSTRAINT; Schema: public; Owner: beautipong
--

ALTER TABLE ONLY public.users_customuser_groups
    ADD CONSTRAINT users_customuser_gro_customuser_id_958147bf_fk_users_cus FOREIGN KEY (customuser_id) REFERENCES public.users_customuser(id) DEFERRABLE INITIALLY DEFERRED;


--
-- Name: users_customuser_groups users_customuser_groups_group_id_01390b14_fk_auth_group_id; Type: FK CONSTRAINT; Schema: public; Owner: beautipong
--

ALTER TABLE ONLY public.users_customuser_groups
    ADD CONSTRAINT users_customuser_groups_group_id_01390b14_fk_auth_group_id FOREIGN KEY (group_id) REFERENCES public.auth_group(id) DEFERRABLE INITIALLY DEFERRED;


--
-- Name: users_customuser_user_permissions users_customuser_use_customuser_id_5771478b_fk_users_cus; Type: FK CONSTRAINT; Schema: public; Owner: beautipong
--

ALTER TABLE ONLY public.users_customuser_user_permissions
    ADD CONSTRAINT users_customuser_use_customuser_id_5771478b_fk_users_cus FOREIGN KEY (customuser_id) REFERENCES public.users_customuser(id) DEFERRABLE INITIALLY DEFERRED;


--
-- Name: users_customuser_user_permissions users_customuser_use_permission_id_baaa2f74_fk_auth_perm; Type: FK CONSTRAINT; Schema: public; Owner: beautipong
--

ALTER TABLE ONLY public.users_customuser_user_permissions
    ADD CONSTRAINT users_customuser_use_permission_id_baaa2f74_fk_auth_perm FOREIGN KEY (permission_id) REFERENCES public.auth_permission(id) DEFERRABLE INITIALLY DEFERRED;


--
-- PostgreSQL database dump complete
--

