--
-- PostgreSQL database dump
--

-- Dumped from database version 15.7 (Debian 15.7-1.pgdg120+1)
-- Dumped by pg_dump version 15.7 (Debian 15.7-1.pgdg120+1)

SET statement_timeout = 0;
SET lock_timeout = 0;
SET idle_in_transaction_session_timeout = 0;
SET client_encoding = 'UTF8';
SET standard_conforming_strings = on;
SELECT pg_catalog.set_config('search_path', '', false);
SET check_function_bodies = false;
SET xmloption = content;
SET client_min_messages = warning;
SET row_security = off;

SET default_tablespace = '';

SET default_table_access_method = heap;

--
-- Name: account_emailaddress; Type: TABLE; Schema: public; Owner: beautipong
--

CREATE TABLE public.account_emailaddress (
    id integer NOT NULL,
    email character varying(254) NOT NULL,
    verified boolean NOT NULL,
    "primary" boolean NOT NULL,
    user_id bigint NOT NULL
);


ALTER TABLE public.account_emailaddress OWNER TO beautipong;

--
-- Name: account_emailaddress_id_seq; Type: SEQUENCE; Schema: public; Owner: beautipong
--

ALTER TABLE public.account_emailaddress ALTER COLUMN id ADD GENERATED BY DEFAULT AS IDENTITY (
    SEQUENCE NAME public.account_emailaddress_id_seq
    START WITH 1
    INCREMENT BY 1
    NO MINVALUE
    NO MAXVALUE
    CACHE 1
);


--
-- Name: account_emailconfirmation; Type: TABLE; Schema: public; Owner: beautipong
--

CREATE TABLE public.account_emailconfirmation (
    id integer NOT NULL,
    created timestamp with time zone NOT NULL,
    sent timestamp with time zone,
    key character varying(64) NOT NULL,
    email_address_id integer NOT NULL
);


ALTER TABLE public.account_emailconfirmation OWNER TO beautipong;

--
-- Name: account_emailconfirmation_id_seq; Type: SEQUENCE; Schema: public; Owner: beautipong
--

ALTER TABLE public.account_emailconfirmation ALTER COLUMN id ADD GENERATED BY DEFAULT AS IDENTITY (
    SEQUENCE NAME public.account_emailconfirmation_id_seq
    START WITH 1
    INCREMENT BY 1
    NO MINVALUE
    NO MAXVALUE
    CACHE 1
);


--
-- Name: auth_group; Type: TABLE; Schema: public; Owner: beautipong
--

CREATE TABLE public.auth_group (
    id integer NOT NULL,
    name character varying(150) NOT NULL
);


ALTER TABLE public.auth_group OWNER TO beautipong;

--
-- Name: auth_group_id_seq; Type: SEQUENCE; Schema: public; Owner: beautipong
--

ALTER TABLE public.auth_group ALTER COLUMN id ADD GENERATED BY DEFAULT AS IDENTITY (
    SEQUENCE NAME public.auth_group_id_seq
    START WITH 1
    INCREMENT BY 1
    NO MINVALUE
    NO MAXVALUE
    CACHE 1
);


--
-- Name: auth_group_permissions; Type: TABLE; Schema: public; Owner: beautipong
--

CREATE TABLE public.auth_group_permissions (
    id bigint NOT NULL,
    group_id integer NOT NULL,
    permission_id integer NOT NULL
);


ALTER TABLE public.auth_group_permissions OWNER TO beautipong;

--
-- Name: auth_group_permissions_id_seq; Type: SEQUENCE; Schema: public; Owner: beautipong
--

ALTER TABLE public.auth_group_permissions ALTER COLUMN id ADD GENERATED BY DEFAULT AS IDENTITY (
    SEQUENCE NAME public.auth_group_permissions_id_seq
    START WITH 1
    INCREMENT BY 1
    NO MINVALUE
    NO MAXVALUE
    CACHE 1
);


--
-- Name: auth_permission; Type: TABLE; Schema: public; Owner: beautipong
--

CREATE TABLE public.auth_permission (
    id integer NOT NULL,
    name character varying(255) NOT NULL,
    content_type_id integer NOT NULL,
    codename character varying(100) NOT NULL
);


ALTER TABLE public.auth_permission OWNER TO beautipong;

--
-- Name: auth_permission_id_seq; Type: SEQUENCE; Schema: public; Owner: beautipong
--

ALTER TABLE public.auth_permission ALTER COLUMN id ADD GENERATED BY DEFAULT AS IDENTITY (
    SEQUENCE NAME public.auth_permission_id_seq
    START WITH 1
    INCREMENT BY 1
    NO MINVALUE
    NO MAXVALUE
    CACHE 1
);


--
-- Name: authtoken_token; Type: TABLE; Schema: public; Owner: beautipong
--

CREATE TABLE public.authtoken_token (
    key character varying(40) NOT NULL,
    created timestamp with time zone NOT NULL,
    user_id bigint NOT NULL
);


ALTER TABLE public.authtoken_token OWNER TO beautipong;

--
-- Name: chattingRoom_chattingroom; Type: TABLE; Schema: public; Owner: beautipong
--

CREATE TABLE public."chattingRoom_chattingroom" (
    id bigint NOT NULL,
    user1_id bigint NOT NULL,
    user2_id bigint NOT NULL
);


ALTER TABLE public."chattingRoom_chattingroom" OWNER TO beautipong;

--
-- Name: chattingRoom_chattingroom_id_seq; Type: SEQUENCE; Schema: public; Owner: beautipong
--

ALTER TABLE public."chattingRoom_chattingroom" ALTER COLUMN id ADD GENERATED BY DEFAULT AS IDENTITY (
    SEQUENCE NAME public."chattingRoom_chattingroom_id_seq"
    START WITH 1
    INCREMENT BY 1
    NO MINVALUE
    NO MAXVALUE
    CACHE 1
);


--
-- Name: django_admin_log; Type: TABLE; Schema: public; Owner: beautipong
--

CREATE TABLE public.django_admin_log (
    id integer NOT NULL,
    action_time timestamp with time zone NOT NULL,
    object_id text,
    object_repr character varying(200) NOT NULL,
    action_flag smallint NOT NULL,
    change_message text NOT NULL,
    content_type_id integer,
    user_id bigint NOT NULL,
    CONSTRAINT django_admin_log_action_flag_check CHECK ((action_flag >= 0))
);


ALTER TABLE public.django_admin_log OWNER TO beautipong;

--
-- Name: django_admin_log_id_seq; Type: SEQUENCE; Schema: public; Owner: beautipong
--

ALTER TABLE public.django_admin_log ALTER COLUMN id ADD GENERATED BY DEFAULT AS IDENTITY (
    SEQUENCE NAME public.django_admin_log_id_seq
    START WITH 1
    INCREMENT BY 1
    NO MINVALUE
    NO MAXVALUE
    CACHE 1
);


--
-- Name: django_content_type; Type: TABLE; Schema: public; Owner: beautipong
--

CREATE TABLE public.django_content_type (
    id integer NOT NULL,
    app_label character varying(100) NOT NULL,
    model character varying(100) NOT NULL
);


ALTER TABLE public.django_content_type OWNER TO beautipong;

--
-- Name: django_content_type_id_seq; Type: SEQUENCE; Schema: public; Owner: beautipong
--

ALTER TABLE public.django_content_type ALTER COLUMN id ADD GENERATED BY DEFAULT AS IDENTITY (
    SEQUENCE NAME public.django_content_type_id_seq
    START WITH 1
    INCREMENT BY 1
    NO MINVALUE
    NO MAXVALUE
    CACHE 1
);


--
-- Name: django_migrations; Type: TABLE; Schema: public; Owner: beautipong
--

CREATE TABLE public.django_migrations (
    id bigint NOT NULL,
    app character varying(255) NOT NULL,
    name character varying(255) NOT NULL,
    applied timestamp with time zone NOT NULL
);


ALTER TABLE public.django_migrations OWNER TO beautipong;

--
-- Name: django_migrations_id_seq; Type: SEQUENCE; Schema: public; Owner: beautipong
--

ALTER TABLE public.django_migrations ALTER COLUMN id ADD GENERATED BY DEFAULT AS IDENTITY (
    SEQUENCE NAME public.django_migrations_id_seq
    START WITH 1
    INCREMENT BY 1
    NO MINVALUE
    NO MAXVALUE
    CACHE 1
);


--
-- Name: django_session; Type: TABLE; Schema: public; Owner: beautipong
--

CREATE TABLE public.django_session (
    session_key character varying(40) NOT NULL,
    session_data text NOT NULL,
    expire_date timestamp with time zone NOT NULL
);


ALTER TABLE public.django_session OWNER TO beautipong;

--
-- Name: friend_friend; Type: TABLE; Schema: public; Owner: beautipong
--

CREATE TABLE public.friend_friend (
    id bigint NOT NULL,
    user1_victory_num integer NOT NULL,
    user2_victory_num integer NOT NULL,
    status character varying(2) NOT NULL,
    user1_id bigint NOT NULL,
    user2_id bigint NOT NULL
);


ALTER TABLE public.friend_friend OWNER TO beautipong;

--
-- Name: friend_friend_id_seq; Type: SEQUENCE; Schema: public; Owner: beautipong
--

ALTER TABLE public.friend_friend ALTER COLUMN id ADD GENERATED BY DEFAULT AS IDENTITY (
    SEQUENCE NAME public.friend_friend_id_seq
    START WITH 1
    INCREMENT BY 1
    NO MINVALUE
    NO MAXVALUE
    CACHE 1
);


--
-- Name: game_game; Type: TABLE; Schema: public; Owner: beautipong
--

CREATE TABLE public.game_game (
    id bigint NOT NULL,
    user1_score bigint NOT NULL,
    user2_score bigint NOT NULL,
    create_time timestamp with time zone NOT NULL,
    user1_id bigint NOT NULL,
    user2_id bigint NOT NULL
);


ALTER TABLE public.game_game OWNER TO beautipong;

--
-- Name: game_game_id_seq; Type: SEQUENCE; Schema: public; Owner: beautipong
--

ALTER TABLE public.game_game ALTER COLUMN id ADD GENERATED BY DEFAULT AS IDENTITY (
    SEQUENCE NAME public.game_game_id_seq
    START WITH 1
    INCREMENT BY 1
    NO MINVALUE
    NO MAXVALUE
    CACHE 1
);


--
-- Name: message_message; Type: TABLE; Schema: public; Owner: beautipong
--

CREATE TABLE public.message_message (
    id bigint NOT NULL,
    content text NOT NULL,
    created_at timestamp with time zone NOT NULL,
    room_id bigint NOT NULL,
    sender_id bigint NOT NULL
);


ALTER TABLE public.message_message OWNER TO beautipong;

--
-- Name: message_message_id_seq; Type: SEQUENCE; Schema: public; Owner: beautipong
--

ALTER TABLE public.message_message ALTER COLUMN id ADD GENERATED BY DEFAULT AS IDENTITY (
    SEQUENCE NAME public.message_message_id_seq
    START WITH 1
    INCREMENT BY 1
    NO MINVALUE
    NO MAXVALUE
    CACHE 1
);


--
-- Name: otp_otp; Type: TABLE; Schema: public; Owner: beautipong
--

CREATE TABLE public.otp_otp (
    id bigint NOT NULL,
    otp character varying(6) NOT NULL,
    created_at timestamp with time zone NOT NULL,
    user_id bigint NOT NULL
);


ALTER TABLE public.otp_otp OWNER TO beautipong;

--
-- Name: otp_otp_id_seq; Type: SEQUENCE; Schema: public; Owner: beautipong
--

ALTER TABLE public.otp_otp ALTER COLUMN id ADD GENERATED BY DEFAULT AS IDENTITY (
    SEQUENCE NAME public.otp_otp_id_seq
    START WITH 1
    INCREMENT BY 1
    NO MINVALUE
    NO MAXVALUE
    CACHE 1
);


--
-- Name: scoreHistory_scorehistory; Type: TABLE; Schema: public; Owner: beautipong
--

CREATE TABLE public."scoreHistory_scorehistory" (
    id bigint NOT NULL,
    score bigint NOT NULL,
    create_time timestamp with time zone NOT NULL,
    user_id bigint NOT NULL
);


ALTER TABLE public."scoreHistory_scorehistory" OWNER TO beautipong;

--
-- Name: scoreHistory_scorehistory_id_seq; Type: SEQUENCE; Schema: public; Owner: beautipong
--

ALTER TABLE public."scoreHistory_scorehistory" ALTER COLUMN id ADD GENERATED BY DEFAULT AS IDENTITY (
    SEQUENCE NAME public."scoreHistory_scorehistory_id_seq"
    START WITH 1
    INCREMENT BY 1
    NO MINVALUE
    NO MAXVALUE
    CACHE 1
);


--
-- Name: socialaccount_socialaccount; Type: TABLE; Schema: public; Owner: beautipong
--

CREATE TABLE public.socialaccount_socialaccount (
    id integer NOT NULL,
    provider character varying(200) NOT NULL,
    uid character varying(191) NOT NULL,
    last_login timestamp with time zone NOT NULL,
    date_joined timestamp with time zone NOT NULL,
    extra_data jsonb NOT NULL,
    user_id bigint NOT NULL
);


ALTER TABLE public.socialaccount_socialaccount OWNER TO beautipong;

--
-- Name: socialaccount_socialaccount_id_seq; Type: SEQUENCE; Schema: public; Owner: beautipong
--

ALTER TABLE public.socialaccount_socialaccount ALTER COLUMN id ADD GENERATED BY DEFAULT AS IDENTITY (
    SEQUENCE NAME public.socialaccount_socialaccount_id_seq
    START WITH 1
    INCREMENT BY 1
    NO MINVALUE
    NO MAXVALUE
    CACHE 1
);


--
-- Name: socialaccount_socialapp; Type: TABLE; Schema: public; Owner: beautipong
--

CREATE TABLE public.socialaccount_socialapp (
    id integer NOT NULL,
    provider character varying(30) NOT NULL,
    name character varying(40) NOT NULL,
    client_id character varying(191) NOT NULL,
    secret character varying(191) NOT NULL,
    key character varying(191) NOT NULL,
    provider_id character varying(200) NOT NULL,
    settings jsonb NOT NULL
);


ALTER TABLE public.socialaccount_socialapp OWNER TO beautipong;

--
-- Name: socialaccount_socialapp_id_seq; Type: SEQUENCE; Schema: public; Owner: beautipong
--

ALTER TABLE public.socialaccount_socialapp ALTER COLUMN id ADD GENERATED BY DEFAULT AS IDENTITY (
    SEQUENCE NAME public.socialaccount_socialapp_id_seq
    START WITH 1
    INCREMENT BY 1
    NO MINVALUE
    NO MAXVALUE
    CACHE 1
);


--
-- Name: socialaccount_socialtoken; Type: TABLE; Schema: public; Owner: beautipong
--

CREATE TABLE public.socialaccount_socialtoken (
    id integer NOT NULL,
    token text NOT NULL,
    token_secret text NOT NULL,
    expires_at timestamp with time zone,
    account_id integer NOT NULL,
    app_id integer
);


ALTER TABLE public.socialaccount_socialtoken OWNER TO beautipong;

--
-- Name: socialaccount_socialtoken_id_seq; Type: SEQUENCE; Schema: public; Owner: beautipong
--

ALTER TABLE public.socialaccount_socialtoken ALTER COLUMN id ADD GENERATED BY DEFAULT AS IDENTITY (
    SEQUENCE NAME public.socialaccount_socialtoken_id_seq
    START WITH 1
    INCREMENT BY 1
    NO MINVALUE
    NO MAXVALUE
    CACHE 1
);


--
-- Name: users_customuser; Type: TABLE; Schema: public; Owner: beautipong
--

CREATE TABLE public.users_customuser (
    id bigint NOT NULL,
    password character varying(128) NOT NULL,
    last_login timestamp with time zone,
    is_superuser boolean NOT NULL,
    nickname character varying(30) NOT NULL,
    "userID" character varying(30),
    "oauthID" character varying(30),
    score integer NOT NULL,
    image text,
    is_active boolean NOT NULL,
    is_staff boolean NOT NULL,
    date_joined timestamp with time zone NOT NULL,
    email character varying(254) NOT NULL,
    match_cnt integer NOT NULL,
    win_cnt integer NOT NULL
);


ALTER TABLE public.users_customuser OWNER TO beautipong;

--
-- Name: users_customuser_groups; Type: TABLE; Schema: public; Owner: beautipong
--

CREATE TABLE public.users_customuser_groups (
    id bigint NOT NULL,
    customuser_id bigint NOT NULL,
    group_id integer NOT NULL
);


ALTER TABLE public.users_customuser_groups OWNER TO beautipong;

--
-- Name: users_customuser_groups_id_seq; Type: SEQUENCE; Schema: public; Owner: beautipong
--

ALTER TABLE public.users_customuser_groups ALTER COLUMN id ADD GENERATED BY DEFAULT AS IDENTITY (
    SEQUENCE NAME public.users_customuser_groups_id_seq
    START WITH 1
    INCREMENT BY 1
    NO MINVALUE
    NO MAXVALUE
    CACHE 1
);


--
-- Name: users_customuser_id_seq; Type: SEQUENCE; Schema: public; Owner: beautipong
--

ALTER TABLE public.users_customuser ALTER COLUMN id ADD GENERATED BY DEFAULT AS IDENTITY (
    SEQUENCE NAME public.users_customuser_id_seq
    START WITH 1
    INCREMENT BY 1
    NO MINVALUE
    NO MAXVALUE
    CACHE 1
);


--
-- Name: users_customuser_user_permissions; Type: TABLE; Schema: public; Owner: beautipong
--

CREATE TABLE public.users_customuser_user_permissions (
    id bigint NOT NULL,
    customuser_id bigint NOT NULL,
    permission_id integer NOT NULL
);


ALTER TABLE public.users_customuser_user_permissions OWNER TO beautipong;

--
-- Name: users_customuser_user_permissions_id_seq; Type: SEQUENCE; Schema: public; Owner: beautipong
--

ALTER TABLE public.users_customuser_user_permissions ALTER COLUMN id ADD GENERATED BY DEFAULT AS IDENTITY (
    SEQUENCE NAME public.users_customuser_user_permissions_id_seq
    START WITH 1
    INCREMENT BY 1
    NO MINVALUE
    NO MAXVALUE
    CACHE 1
);


--
-- Data for Name: account_emailaddress; Type: TABLE DATA; Schema: public; Owner: beautipong
--

COPY public.account_emailaddress (id, email, verified, "primary", user_id) FROM stdin;
\.


--
-- Data for Name: account_emailconfirmation; Type: TABLE DATA; Schema: public; Owner: beautipong
--

COPY public.account_emailconfirmation (id, created, sent, key, email_address_id) FROM stdin;
\.


--
-- Data for Name: auth_group; Type: TABLE DATA; Schema: public; Owner: beautipong
--

COPY public.auth_group (id, name) FROM stdin;
\.


--
-- Data for Name: auth_group_permissions; Type: TABLE DATA; Schema: public; Owner: beautipong
--

COPY public.auth_group_permissions (id, group_id, permission_id) FROM stdin;
\.


--
-- Data for Name: auth_permission; Type: TABLE DATA; Schema: public; Owner: beautipong
--

COPY public.auth_permission (id, name, content_type_id, codename) FROM stdin;
1	Can add log entry	1	add_logentry
2	Can change log entry	1	change_logentry
3	Can delete log entry	1	delete_logentry
4	Can view log entry	1	view_logentry
5	Can add permission	2	add_permission
6	Can change permission	2	change_permission
7	Can delete permission	2	delete_permission
8	Can view permission	2	view_permission
9	Can add group	3	add_group
10	Can change group	3	change_group
11	Can delete group	3	delete_group
12	Can view group	3	view_group
13	Can add content type	4	add_contenttype
14	Can change content type	4	change_contenttype
15	Can delete content type	4	delete_contenttype
16	Can view content type	4	view_contenttype
17	Can add session	5	add_session
18	Can change session	5	change_session
19	Can delete session	5	delete_session
20	Can view session	5	view_session
21	Can add custom user	6	add_customuser
22	Can change custom user	6	change_customuser
23	Can delete custom user	6	delete_customuser
24	Can view custom user	6	view_customuser
25	Can add chatting room	7	add_chattingroom
26	Can change chatting room	7	change_chattingroom
27	Can delete chatting room	7	delete_chattingroom
28	Can view chatting room	7	view_chattingroom
29	Can add friend	8	add_friend
30	Can change friend	8	change_friend
31	Can delete friend	8	delete_friend
32	Can view friend	8	view_friend
33	Can add game	9	add_game
34	Can change game	9	change_game
35	Can delete game	9	delete_game
36	Can view game	9	view_game
37	Can add message	10	add_message
38	Can change message	10	change_message
39	Can delete message	10	delete_message
40	Can view message	10	view_message
41	Can add score history	11	add_scorehistory
42	Can change score history	11	change_scorehistory
43	Can delete score history	11	delete_scorehistory
44	Can view score history	11	view_scorehistory
45	Can add Token	12	add_token
46	Can change Token	12	change_token
47	Can delete Token	12	delete_token
48	Can view Token	12	view_token
49	Can add token	13	add_tokenproxy
50	Can change token	13	change_tokenproxy
51	Can delete token	13	delete_tokenproxy
52	Can view token	13	view_tokenproxy
53	Can add email address	14	add_emailaddress
54	Can change email address	14	change_emailaddress
55	Can delete email address	14	delete_emailaddress
56	Can view email address	14	view_emailaddress
57	Can add email confirmation	15	add_emailconfirmation
58	Can change email confirmation	15	change_emailconfirmation
59	Can delete email confirmation	15	delete_emailconfirmation
60	Can view email confirmation	15	view_emailconfirmation
61	Can add social account	16	add_socialaccount
62	Can change social account	16	change_socialaccount
63	Can delete social account	16	delete_socialaccount
64	Can view social account	16	view_socialaccount
65	Can add social application	17	add_socialapp
66	Can change social application	17	change_socialapp
67	Can delete social application	17	delete_socialapp
68	Can view social application	17	view_socialapp
69	Can add social application token	18	add_socialtoken
70	Can change social application token	18	change_socialtoken
71	Can delete social application token	18	delete_socialtoken
72	Can view social application token	18	view_socialtoken
73	Can add otp	19	add_otp
74	Can change otp	19	change_otp
75	Can delete otp	19	delete_otp
76	Can view otp	19	view_otp
\.


--
-- Data for Name: authtoken_token; Type: TABLE DATA; Schema: public; Owner: beautipong
--

COPY public.authtoken_token (key, created, user_id) FROM stdin;
\.


--
-- Data for Name: chattingRoom_chattingroom; Type: TABLE DATA; Schema: public; Owner: beautipong
--

COPY public."chattingRoom_chattingroom" (id, user1_id, user2_id) FROM stdin;
\.


--
-- Data for Name: django_admin_log; Type: TABLE DATA; Schema: public; Owner: beautipong
--

COPY public.django_admin_log (id, action_time, object_id, object_repr, action_flag, change_message, content_type_id, user_id) FROM stdin;
\.


--
-- Data for Name: django_content_type; Type: TABLE DATA; Schema: public; Owner: beautipong
--

COPY public.django_content_type (id, app_label, model) FROM stdin;
1	admin	logentry
2	auth	permission
3	auth	group
4	contenttypes	contenttype
5	sessions	session
6	users	customuser
7	chattingRoom	chattingroom
8	friend	friend
9	game	game
10	message	message
11	scoreHistory	scorehistory
12	authtoken	token
13	authtoken	tokenproxy
14	account	emailaddress
15	account	emailconfirmation
16	socialaccount	socialaccount
17	socialaccount	socialapp
18	socialaccount	socialtoken
19	otp	otp
\.


--
-- Data for Name: django_migrations; Type: TABLE DATA; Schema: public; Owner: beautipong
--

COPY public.django_migrations (id, app, name, applied) FROM stdin;
1	contenttypes	0001_initial	2024-08-04 00:20:28.917591+00
2	contenttypes	0002_remove_content_type_name	2024-08-04 00:20:28.919682+00
3	auth	0001_initial	2024-08-04 00:20:28.932909+00
4	auth	0002_alter_permission_name_max_length	2024-08-04 00:20:28.934624+00
5	auth	0003_alter_user_email_max_length	2024-08-04 00:20:28.937001+00
6	auth	0004_alter_user_username_opts	2024-08-04 00:20:28.938773+00
7	auth	0005_alter_user_last_login_null	2024-08-04 00:20:28.940897+00
8	auth	0006_require_contenttypes_0002	2024-08-04 00:20:28.941522+00
9	auth	0007_alter_validators_add_error_messages	2024-08-04 00:20:28.943549+00
10	auth	0008_alter_user_username_max_length	2024-08-04 00:20:28.94555+00
11	auth	0009_alter_user_last_name_max_length	2024-08-04 00:20:28.94753+00
12	auth	0010_alter_group_name_max_length	2024-08-04 00:20:28.949781+00
13	auth	0011_update_proxy_permissions	2024-08-04 00:20:28.951639+00
14	auth	0012_alter_user_first_name_max_length	2024-08-04 00:20:28.953643+00
15	users	0001_initial	2024-08-04 00:20:28.968553+00
16	account	0001_initial	2024-08-04 00:20:28.980749+00
17	account	0002_email_max_length	2024-08-04 00:20:28.98366+00
18	account	0003_alter_emailaddress_create_unique_verified_email	2024-08-04 00:20:28.989297+00
19	account	0004_alter_emailaddress_drop_unique_email	2024-08-04 00:20:28.993756+00
20	account	0005_emailaddress_idx_upper_email	2024-08-04 00:20:28.997457+00
21	account	0006_emailaddress_lower	2024-08-04 00:20:29.001257+00
22	account	0007_emailaddress_idx_email	2024-08-04 00:20:29.007722+00
23	account	0008_emailaddress_unique_primary_email_fixup	2024-08-04 00:20:29.011564+00
24	account	0009_emailaddress_unique_primary_email	2024-08-04 00:20:29.016195+00
25	admin	0001_initial	2024-08-04 00:20:29.02755+00
26	admin	0002_logentry_remove_auto_add	2024-08-04 00:20:29.030896+00
27	admin	0003_logentry_add_action_flag_choices	2024-08-04 00:20:29.034438+00
28	authtoken	0001_initial	2024-08-04 00:20:29.044673+00
29	authtoken	0002_auto_20160226_1747	2024-08-04 00:20:29.058307+00
30	authtoken	0003_tokenproxy	2024-08-04 00:20:29.060679+00
31	chattingRoom	0001_initial	2024-08-04 00:20:29.069791+00
32	friend	0001_initial	2024-08-04 00:20:29.078278+00
33	game	0001_initial	2024-08-04 00:20:29.08636+00
34	message	0001_initial	2024-08-04 00:20:29.09519+00
35	otp	0001_initial	2024-08-04 00:20:29.102353+00
36	scoreHistory	0001_initial	2024-08-04 00:20:29.109458+00
37	sessions	0001_initial	2024-08-04 00:20:29.115528+00
38	socialaccount	0001_initial	2024-08-04 00:20:29.140364+00
39	socialaccount	0002_token_max_lengths	2024-08-04 00:20:29.161239+00
40	socialaccount	0003_extra_data_default_dict	2024-08-04 00:20:29.165866+00
41	socialaccount	0004_app_provider_id_settings	2024-08-04 00:20:29.172858+00
42	socialaccount	0005_socialtoken_nullable_app	2024-08-04 00:20:29.179845+00
43	socialaccount	0006_alter_socialaccount_extra_data	2024-08-04 00:20:29.187124+00
44	users	0002_alter_customuser_userid	2024-08-06 04:06:12.362447+00
45	users	0003_customuser_match_cnt_customuser_win_cnt_and_more	2024-08-06 04:06:12.374029+00
46	users	0004_alter_customuser_image	2024-08-07 07:36:14.006059+00
\.


--
-- Data for Name: django_session; Type: TABLE DATA; Schema: public; Owner: beautipong
--

COPY public.django_session (session_key, session_data, expire_date) FROM stdin;
\.


--
-- Data for Name: friend_friend; Type: TABLE DATA; Schema: public; Owner: beautipong
--

COPY public.friend_friend (id, user1_victory_num, user2_victory_num, status, user1_id, user2_id) FROM stdin;
\.


--
-- Data for Name: game_game; Type: TABLE DATA; Schema: public; Owner: beautipong
--

COPY public.game_game (id, user1_score, user2_score, create_time, user1_id, user2_id) FROM stdin;
1	1	2	2024-08-06 07:01:03.085278+00	3	5
2	2	1	2024-08-06 07:01:03.089328+00	5	3
\.


--
-- Data for Name: message_message; Type: TABLE DATA; Schema: public; Owner: beautipong
--

COPY public.message_message (id, content, created_at, room_id, sender_id) FROM stdin;
\.


--
-- Data for Name: otp_otp; Type: TABLE DATA; Schema: public; Owner: beautipong
--

COPY public.otp_otp (id, otp, created_at, user_id) FROM stdin;
1	3LUSKV	2024-08-04 01:41:45.32948+00	5
2	LGHZPD	2024-08-07 07:48:55.484624+00	6
\.


--
-- Data for Name: scoreHistory_scorehistory; Type: TABLE DATA; Schema: public; Owner: beautipong
--

COPY public."scoreHistory_scorehistory" (id, score, create_time, user_id) FROM stdin;
\.


--
-- Data for Name: socialaccount_socialaccount; Type: TABLE DATA; Schema: public; Owner: beautipong
--

COPY public.socialaccount_socialaccount (id, provider, uid, last_login, date_joined, extra_data, user_id) FROM stdin;
\.


--
-- Data for Name: socialaccount_socialapp; Type: TABLE DATA; Schema: public; Owner: beautipong
--

COPY public.socialaccount_socialapp (id, provider, name, client_id, secret, key, provider_id, settings) FROM stdin;
\.


--
-- Data for Name: socialaccount_socialtoken; Type: TABLE DATA; Schema: public; Owner: beautipong
--

COPY public.socialaccount_socialtoken (id, token, token_secret, expires_at, account_id, app_id) FROM stdin;
\.


--
-- Data for Name: users_customuser; Type: TABLE DATA; Schema: public; Owner: beautipong
--

COPY public.users_customuser (id, password, last_login, is_superuser, nickname, "userID", "oauthID", score, image, is_active, is_staff, date_joined, email, match_cnt, win_cnt) FROM stdin;
5	1234	\N	f	test2	testID2	\N	1200		t	f	2024-08-04 00:43:38.397201+00	west123@gmail.com	0	0
3	1234	\N	f	test	testID	\N	1000		t	f	2024-08-04 00:42:56.81734+00	123@student.42seoul.kr	0	0
6	pbkdf2_sha256$600000$vTlzEfIkIxMMReiyPSmhmK$myFYJ84aoMZhxtnMVKXpPZ8ft6xkDdnOzbid1lqWiJg=	\N	f	dongseo	dongseo	\N	1000	\N	t	f	2024-08-07 07:47:14.567087+00	west.east1832@gmail.com	0	0
\.


--
-- Data for Name: users_customuser_groups; Type: TABLE DATA; Schema: public; Owner: beautipong
--

COPY public.users_customuser_groups (id, customuser_id, group_id) FROM stdin;
\.


--
-- Data for Name: users_customuser_user_permissions; Type: TABLE DATA; Schema: public; Owner: beautipong
--

COPY public.users_customuser_user_permissions (id, customuser_id, permission_id) FROM stdin;
\.


--
-- Name: account_emailaddress_id_seq; Type: SEQUENCE SET; Schema: public; Owner: beautipong
--

SELECT pg_catalog.setval('public.account_emailaddress_id_seq', 1, false);


--
-- Name: account_emailconfirmation_id_seq; Type: SEQUENCE SET; Schema: public; Owner: beautipong
--

SELECT pg_catalog.setval('public.account_emailconfirmation_id_seq', 1, false);


--
-- Name: auth_group_id_seq; Type: SEQUENCE SET; Schema: public; Owner: beautipong
--

SELECT pg_catalog.setval('public.auth_group_id_seq', 1, false);


--
-- Name: auth_group_permissions_id_seq; Type: SEQUENCE SET; Schema: public; Owner: beautipong
--

SELECT pg_catalog.setval('public.auth_group_permissions_id_seq', 1, false);


--
-- Name: auth_permission_id_seq; Type: SEQUENCE SET; Schema: public; Owner: beautipong
--

SELECT pg_catalog.setval('public.auth_permission_id_seq', 76, true);


--
-- Name: chattingRoom_chattingroom_id_seq; Type: SEQUENCE SET; Schema: public; Owner: beautipong
--

SELECT pg_catalog.setval('public."chattingRoom_chattingroom_id_seq"', 1, false);


--
-- Name: django_admin_log_id_seq; Type: SEQUENCE SET; Schema: public; Owner: beautipong
--

SELECT pg_catalog.setval('public.django_admin_log_id_seq', 1, false);


--
-- Name: django_content_type_id_seq; Type: SEQUENCE SET; Schema: public; Owner: beautipong
--

SELECT pg_catalog.setval('public.django_content_type_id_seq', 19, true);


--
-- Name: django_migrations_id_seq; Type: SEQUENCE SET; Schema: public; Owner: beautipong
--

SELECT pg_catalog.setval('public.django_migrations_id_seq', 46, true);


--
-- Name: friend_friend_id_seq; Type: SEQUENCE SET; Schema: public; Owner: beautipong
--

SELECT pg_catalog.setval('public.friend_friend_id_seq', 1, false);


--
-- Name: game_game_id_seq; Type: SEQUENCE SET; Schema: public; Owner: beautipong
--

SELECT pg_catalog.setval('public.game_game_id_seq', 2, true);


--
-- Name: message_message_id_seq; Type: SEQUENCE SET; Schema: public; Owner: beautipong
--

SELECT pg_catalog.setval('public.message_message_id_seq', 1, false);


--
-- Name: otp_otp_id_seq; Type: SEQUENCE SET; Schema: public; Owner: beautipong
--

SELECT pg_catalog.setval('public.otp_otp_id_seq', 2, true);


--
-- Name: scoreHistory_scorehistory_id_seq; Type: SEQUENCE SET; Schema: public; Owner: beautipong
--

SELECT pg_catalog.setval('public."scoreHistory_scorehistory_id_seq"', 1, false);


--
-- Name: socialaccount_socialaccount_id_seq; Type: SEQUENCE SET; Schema: public; Owner: beautipong
--

SELECT pg_catalog.setval('public.socialaccount_socialaccount_id_seq', 1, false);


--
-- Name: socialaccount_socialapp_id_seq; Type: SEQUENCE SET; Schema: public; Owner: beautipong
--

SELECT pg_catalog.setval('public.socialaccount_socialapp_id_seq', 1, false);


--
-- Name: socialaccount_socialtoken_id_seq; Type: SEQUENCE SET; Schema: public; Owner: beautipong
--

SELECT pg_catalog.setval('public.socialaccount_socialtoken_id_seq', 1, false);


--
-- Name: users_customuser_groups_id_seq; Type: SEQUENCE SET; Schema: public; Owner: beautipong
--

SELECT pg_catalog.setval('public.users_customuser_groups_id_seq', 1, false);


--
-- Name: users_customuser_id_seq; Type: SEQUENCE SET; Schema: public; Owner: beautipong
--

SELECT pg_catalog.setval('public.users_customuser_id_seq', 6, true);


--
-- Name: users_customuser_user_permissions_id_seq; Type: SEQUENCE SET; Schema: public; Owner: beautipong
--

SELECT pg_catalog.setval('public.users_customuser_user_permissions_id_seq', 1, false);


--
-- Name: account_emailaddress account_emailaddress_pkey; Type: CONSTRAINT; Schema: public; Owner: beautipong
--

ALTER TABLE ONLY public.account_emailaddress
    ADD CONSTRAINT account_emailaddress_pkey PRIMARY KEY (id);


--
-- Name: account_emailaddress account_emailaddress_user_id_email_987c8728_uniq; Type: CONSTRAINT; Schema: public; Owner: beautipong
--

ALTER TABLE ONLY public.account_emailaddress
    ADD CONSTRAINT account_emailaddress_user_id_email_987c8728_uniq UNIQUE (user_id, email);


--
-- Name: account_emailconfirmation account_emailconfirmation_key_key; Type: CONSTRAINT; Schema: public; Owner: beautipong
--

ALTER TABLE ONLY public.account_emailconfirmation
    ADD CONSTRAINT account_emailconfirmation_key_key UNIQUE (key);


--
-- Name: account_emailconfirmation account_emailconfirmation_pkey; Type: CONSTRAINT; Schema: public; Owner: beautipong
--

ALTER TABLE ONLY public.account_emailconfirmation
    ADD CONSTRAINT account_emailconfirmation_pkey PRIMARY KEY (id);


--
-- Name: auth_group auth_group_name_key; Type: CONSTRAINT; Schema: public; Owner: beautipong
--

ALTER TABLE ONLY public.auth_group
    ADD CONSTRAINT auth_group_name_key UNIQUE (name);


--
-- Name: auth_group_permissions auth_group_permissions_group_id_permission_id_0cd325b0_uniq; Type: CONSTRAINT; Schema: public; Owner: beautipong
--

ALTER TABLE ONLY public.auth_group_permissions
    ADD CONSTRAINT auth_group_permissions_group_id_permission_id_0cd325b0_uniq UNIQUE (group_id, permission_id);


--
-- Name: auth_group_permissions auth_group_permissions_pkey; Type: CONSTRAINT; Schema: public; Owner: beautipong
--

ALTER TABLE ONLY public.auth_group_permissions
    ADD CONSTRAINT auth_group_permissions_pkey PRIMARY KEY (id);


--
-- Name: auth_group auth_group_pkey; Type: CONSTRAINT; Schema: public; Owner: beautipong
--

ALTER TABLE ONLY public.auth_group
    ADD CONSTRAINT auth_group_pkey PRIMARY KEY (id);


--
-- Name: auth_permission auth_permission_content_type_id_codename_01ab375a_uniq; Type: CONSTRAINT; Schema: public; Owner: beautipong
--

ALTER TABLE ONLY public.auth_permission
    ADD CONSTRAINT auth_permission_content_type_id_codename_01ab375a_uniq UNIQUE (content_type_id, codename);


--
-- Name: auth_permission auth_permission_pkey; Type: CONSTRAINT; Schema: public; Owner: beautipong
--

ALTER TABLE ONLY public.auth_permission
    ADD CONSTRAINT auth_permission_pkey PRIMARY KEY (id);


--
-- Name: authtoken_token authtoken_token_pkey; Type: CONSTRAINT; Schema: public; Owner: beautipong
--

ALTER TABLE ONLY public.authtoken_token
    ADD CONSTRAINT authtoken_token_pkey PRIMARY KEY (key);


--
-- Name: authtoken_token authtoken_token_user_id_key; Type: CONSTRAINT; Schema: public; Owner: beautipong
--

ALTER TABLE ONLY public.authtoken_token
    ADD CONSTRAINT authtoken_token_user_id_key UNIQUE (user_id);


--
-- Name: chattingRoom_chattingroom chattingRoom_chattingroom_pkey; Type: CONSTRAINT; Schema: public; Owner: beautipong
--

ALTER TABLE ONLY public."chattingRoom_chattingroom"
    ADD CONSTRAINT "chattingRoom_chattingroom_pkey" PRIMARY KEY (id);


--
-- Name: django_admin_log django_admin_log_pkey; Type: CONSTRAINT; Schema: public; Owner: beautipong
--

ALTER TABLE ONLY public.django_admin_log
    ADD CONSTRAINT django_admin_log_pkey PRIMARY KEY (id);


--
-- Name: django_content_type django_content_type_app_label_model_76bd3d3b_uniq; Type: CONSTRAINT; Schema: public; Owner: beautipong
--

ALTER TABLE ONLY public.django_content_type
    ADD CONSTRAINT django_content_type_app_label_model_76bd3d3b_uniq UNIQUE (app_label, model);


--
-- Name: django_content_type django_content_type_pkey; Type: CONSTRAINT; Schema: public; Owner: beautipong
--

ALTER TABLE ONLY public.django_content_type
    ADD CONSTRAINT django_content_type_pkey PRIMARY KEY (id);


--
-- Name: django_migrations django_migrations_pkey; Type: CONSTRAINT; Schema: public; Owner: beautipong
--

ALTER TABLE ONLY public.django_migrations
    ADD CONSTRAINT django_migrations_pkey PRIMARY KEY (id);


--
-- Name: django_session django_session_pkey; Type: CONSTRAINT; Schema: public; Owner: beautipong
--

ALTER TABLE ONLY public.django_session
    ADD CONSTRAINT django_session_pkey PRIMARY KEY (session_key);


--
-- Name: friend_friend friend_friend_pkey; Type: CONSTRAINT; Schema: public; Owner: beautipong
--

ALTER TABLE ONLY public.friend_friend
    ADD CONSTRAINT friend_friend_pkey PRIMARY KEY (id);


--
-- Name: game_game game_game_pkey; Type: CONSTRAINT; Schema: public; Owner: beautipong
--

ALTER TABLE ONLY public.game_game
    ADD CONSTRAINT game_game_pkey PRIMARY KEY (id);


--
-- Name: message_message message_message_pkey; Type: CONSTRAINT; Schema: public; Owner: beautipong
--

ALTER TABLE ONLY public.message_message
    ADD CONSTRAINT message_message_pkey PRIMARY KEY (id);


--
-- Name: otp_otp otp_otp_pkey; Type: CONSTRAINT; Schema: public; Owner: beautipong
--

ALTER TABLE ONLY public.otp_otp
    ADD CONSTRAINT otp_otp_pkey PRIMARY KEY (id);


--
-- Name: scoreHistory_scorehistory scoreHistory_scorehistory_pkey; Type: CONSTRAINT; Schema: public; Owner: beautipong
--

ALTER TABLE ONLY public."scoreHistory_scorehistory"
    ADD CONSTRAINT "scoreHistory_scorehistory_pkey" PRIMARY KEY (id);


--
-- Name: socialaccount_socialaccount socialaccount_socialaccount_pkey; Type: CONSTRAINT; Schema: public; Owner: beautipong
--

ALTER TABLE ONLY public.socialaccount_socialaccount
    ADD CONSTRAINT socialaccount_socialaccount_pkey PRIMARY KEY (id);


--
-- Name: socialaccount_socialaccount socialaccount_socialaccount_provider_uid_fc810c6e_uniq; Type: CONSTRAINT; Schema: public; Owner: beautipong
--

ALTER TABLE ONLY public.socialaccount_socialaccount
    ADD CONSTRAINT socialaccount_socialaccount_provider_uid_fc810c6e_uniq UNIQUE (provider, uid);


--
-- Name: socialaccount_socialapp socialaccount_socialapp_pkey; Type: CONSTRAINT; Schema: public; Owner: beautipong
--

ALTER TABLE ONLY public.socialaccount_socialapp
    ADD CONSTRAINT socialaccount_socialapp_pkey PRIMARY KEY (id);


--
-- Name: socialaccount_socialtoken socialaccount_socialtoken_app_id_account_id_fca4e0ac_uniq; Type: CONSTRAINT; Schema: public; Owner: beautipong
--

ALTER TABLE ONLY public.socialaccount_socialtoken
    ADD CONSTRAINT socialaccount_socialtoken_app_id_account_id_fca4e0ac_uniq UNIQUE (app_id, account_id);


--
-- Name: socialaccount_socialtoken socialaccount_socialtoken_pkey; Type: CONSTRAINT; Schema: public; Owner: beautipong
--

ALTER TABLE ONLY public.socialaccount_socialtoken
    ADD CONSTRAINT socialaccount_socialtoken_pkey PRIMARY KEY (id);


--
-- Name: users_customuser users_customuser_email_key; Type: CONSTRAINT; Schema: public; Owner: beautipong
--

ALTER TABLE ONLY public.users_customuser
    ADD CONSTRAINT users_customuser_email_key UNIQUE (email);


--
-- Name: users_customuser_groups users_customuser_groups_customuser_id_group_id_76b619e3_uniq; Type: CONSTRAINT; Schema: public; Owner: beautipong
--

ALTER TABLE ONLY public.users_customuser_groups
    ADD CONSTRAINT users_customuser_groups_customuser_id_group_id_76b619e3_uniq UNIQUE (customuser_id, group_id);


--
-- Name: users_customuser_groups users_customuser_groups_pkey; Type: CONSTRAINT; Schema: public; Owner: beautipong
--

ALTER TABLE ONLY public.users_customuser_groups
    ADD CONSTRAINT users_customuser_groups_pkey PRIMARY KEY (id);


--
-- Name: users_customuser users_customuser_nickname_key; Type: CONSTRAINT; Schema: public; Owner: beautipong
--

ALTER TABLE ONLY public.users_customuser
    ADD CONSTRAINT users_customuser_nickname_key UNIQUE (nickname);


--
-- Name: users_customuser users_customuser_pkey; Type: CONSTRAINT; Schema: public; Owner: beautipong
--

ALTER TABLE ONLY public.users_customuser
    ADD CONSTRAINT users_customuser_pkey PRIMARY KEY (id);


--
-- Name: users_customuser users_customuser_userID_41614333_uniq; Type: CONSTRAINT; Schema: public; Owner: beautipong
--

ALTER TABLE ONLY public.users_customuser
    ADD CONSTRAINT "users_customuser_userID_41614333_uniq" UNIQUE ("userID");


--
-- Name: users_customuser_user_permissions users_customuser_user_pe_customuser_id_permission_7a7debf6_uniq; Type: CONSTRAINT; Schema: public; Owner: beautipong
--

ALTER TABLE ONLY public.users_customuser_user_permissions
    ADD CONSTRAINT users_customuser_user_pe_customuser_id_permission_7a7debf6_uniq UNIQUE (customuser_id, permission_id);


--
-- Name: users_customuser_user_permissions users_customuser_user_permissions_pkey; Type: CONSTRAINT; Schema: public; Owner: beautipong
--

ALTER TABLE ONLY public.users_customuser_user_permissions
    ADD CONSTRAINT users_customuser_user_permissions_pkey PRIMARY KEY (id);


--
-- Name: account_emailaddress_email_03be32b2; Type: INDEX; Schema: public; Owner: beautipong
--

CREATE INDEX account_emailaddress_email_03be32b2 ON public.account_emailaddress USING btree (email);


--
-- Name: account_emailaddress_email_03be32b2_like; Type: INDEX; Schema: public; Owner: beautipong
--

CREATE INDEX account_emailaddress_email_03be32b2_like ON public.account_emailaddress USING btree (email varchar_pattern_ops);


--
-- Name: account_emailaddress_user_id_2c513194; Type: INDEX; Schema: public; Owner: beautipong
--

CREATE INDEX account_emailaddress_user_id_2c513194 ON public.account_emailaddress USING btree (user_id);


--
-- Name: account_emailconfirmation_email_address_id_5b7f8c58; Type: INDEX; Schema: public; Owner: beautipong
--

CREATE INDEX account_emailconfirmation_email_address_id_5b7f8c58 ON public.account_emailconfirmation USING btree (email_address_id);


--
-- Name: account_emailconfirmation_key_f43612bd_like; Type: INDEX; Schema: public; Owner: beautipong
--

CREATE INDEX account_emailconfirmation_key_f43612bd_like ON public.account_emailconfirmation USING btree (key varchar_pattern_ops);


--
-- Name: auth_group_name_a6ea08ec_like; Type: INDEX; Schema: public; Owner: beautipong
--

CREATE INDEX auth_group_name_a6ea08ec_like ON public.auth_group USING btree (name varchar_pattern_ops);


--
-- Name: auth_group_permissions_group_id_b120cbf9; Type: INDEX; Schema: public; Owner: beautipong
--

CREATE INDEX auth_group_permissions_group_id_b120cbf9 ON public.auth_group_permissions USING btree (group_id);


--
-- Name: auth_group_permissions_permission_id_84c5c92e; Type: INDEX; Schema: public; Owner: beautipong
--

CREATE INDEX auth_group_permissions_permission_id_84c5c92e ON public.auth_group_permissions USING btree (permission_id);


--
-- Name: auth_permission_content_type_id_2f476e4b; Type: INDEX; Schema: public; Owner: beautipong
--

CREATE INDEX auth_permission_content_type_id_2f476e4b ON public.auth_permission USING btree (content_type_id);


--
-- Name: authtoken_token_key_10f0b77e_like; Type: INDEX; Schema: public; Owner: beautipong
--

CREATE INDEX authtoken_token_key_10f0b77e_like ON public.authtoken_token USING btree (key varchar_pattern_ops);


--
-- Name: chattingRoom_chattingroom_user1_id_0ff1fc68; Type: INDEX; Schema: public; Owner: beautipong
--

CREATE INDEX "chattingRoom_chattingroom_user1_id_0ff1fc68" ON public."chattingRoom_chattingroom" USING btree (user1_id);


--
-- Name: chattingRoom_chattingroom_user2_id_4507923d; Type: INDEX; Schema: public; Owner: beautipong
--

CREATE INDEX "chattingRoom_chattingroom_user2_id_4507923d" ON public."chattingRoom_chattingroom" USING btree (user2_id);


--
-- Name: django_admin_log_content_type_id_c4bce8eb; Type: INDEX; Schema: public; Owner: beautipong
--

CREATE INDEX django_admin_log_content_type_id_c4bce8eb ON public.django_admin_log USING btree (content_type_id);


--
-- Name: django_admin_log_user_id_c564eba6; Type: INDEX; Schema: public; Owner: beautipong
--

CREATE INDEX django_admin_log_user_id_c564eba6 ON public.django_admin_log USING btree (user_id);


--
-- Name: django_session_expire_date_a5c62663; Type: INDEX; Schema: public; Owner: beautipong
--

CREATE INDEX django_session_expire_date_a5c62663 ON public.django_session USING btree (expire_date);


--
-- Name: django_session_session_key_c0390e0f_like; Type: INDEX; Schema: public; Owner: beautipong
--

CREATE INDEX django_session_session_key_c0390e0f_like ON public.django_session USING btree (session_key varchar_pattern_ops);


--
-- Name: friend_friend_user1_id_06d6bec5; Type: INDEX; Schema: public; Owner: beautipong
--

CREATE INDEX friend_friend_user1_id_06d6bec5 ON public.friend_friend USING btree (user1_id);


--
-- Name: friend_friend_user2_id_f2e93b15; Type: INDEX; Schema: public; Owner: beautipong
--

CREATE INDEX friend_friend_user2_id_f2e93b15 ON public.friend_friend USING btree (user2_id);


--
-- Name: game_game_user1_id_3c6cac14; Type: INDEX; Schema: public; Owner: beautipong
--

CREATE INDEX game_game_user1_id_3c6cac14 ON public.game_game USING btree (user1_id);


--
-- Name: game_game_user2_id_2e325fd9; Type: INDEX; Schema: public; Owner: beautipong
--

CREATE INDEX game_game_user2_id_2e325fd9 ON public.game_game USING btree (user2_id);


--
-- Name: message_message_room_id_818bc4c4; Type: INDEX; Schema: public; Owner: beautipong
--

CREATE INDEX message_message_room_id_818bc4c4 ON public.message_message USING btree (room_id);


--
-- Name: message_message_sender_id_b8690ab2; Type: INDEX; Schema: public; Owner: beautipong
--

CREATE INDEX message_message_sender_id_b8690ab2 ON public.message_message USING btree (sender_id);


--
-- Name: otp_otp_user_id_fe9d6c52; Type: INDEX; Schema: public; Owner: beautipong
--

CREATE INDEX otp_otp_user_id_fe9d6c52 ON public.otp_otp USING btree (user_id);


--
-- Name: scoreHistory_scorehistory_user_id_934dc866; Type: INDEX; Schema: public; Owner: beautipong
--

CREATE INDEX "scoreHistory_scorehistory_user_id_934dc866" ON public."scoreHistory_scorehistory" USING btree (user_id);


--
-- Name: socialaccount_socialaccount_user_id_8146e70c; Type: INDEX; Schema: public; Owner: beautipong
--

CREATE INDEX socialaccount_socialaccount_user_id_8146e70c ON public.socialaccount_socialaccount USING btree (user_id);


--
-- Name: socialaccount_socialtoken_account_id_951f210e; Type: INDEX; Schema: public; Owner: beautipong
--

CREATE INDEX socialaccount_socialtoken_account_id_951f210e ON public.socialaccount_socialtoken USING btree (account_id);


--
-- Name: socialaccount_socialtoken_app_id_636a42d7; Type: INDEX; Schema: public; Owner: beautipong
--

CREATE INDEX socialaccount_socialtoken_app_id_636a42d7 ON public.socialaccount_socialtoken USING btree (app_id);


--
-- Name: unique_primary_email; Type: INDEX; Schema: public; Owner: beautipong
--

CREATE UNIQUE INDEX unique_primary_email ON public.account_emailaddress USING btree (user_id, "primary") WHERE "primary";


--
-- Name: unique_verified_email; Type: INDEX; Schema: public; Owner: beautipong
--

CREATE UNIQUE INDEX unique_verified_email ON public.account_emailaddress USING btree (email) WHERE verified;


--
-- Name: users_customuser_email_6445acef_like; Type: INDEX; Schema: public; Owner: beautipong
--

CREATE INDEX users_customuser_email_6445acef_like ON public.users_customuser USING btree (email varchar_pattern_ops);


--
-- Name: users_customuser_groups_customuser_id_958147bf; Type: INDEX; Schema: public; Owner: beautipong
--

CREATE INDEX users_customuser_groups_customuser_id_958147bf ON public.users_customuser_groups USING btree (customuser_id);


--
-- Name: users_customuser_groups_group_id_01390b14; Type: INDEX; Schema: public; Owner: beautipong
--

CREATE INDEX users_customuser_groups_group_id_01390b14 ON public.users_customuser_groups USING btree (group_id);


--
-- Name: users_customuser_nickname_ecc84e12_like; Type: INDEX; Schema: public; Owner: beautipong
--

CREATE INDEX users_customuser_nickname_ecc84e12_like ON public.users_customuser USING btree (nickname varchar_pattern_ops);


--
-- Name: users_customuser_userID_41614333_like; Type: INDEX; Schema: public; Owner: beautipong
--

CREATE INDEX "users_customuser_userID_41614333_like" ON public.users_customuser USING btree ("userID" varchar_pattern_ops);


--
-- Name: users_customuser_user_permissions_customuser_id_5771478b; Type: INDEX; Schema: public; Owner: beautipong
--

CREATE INDEX users_customuser_user_permissions_customuser_id_5771478b ON public.users_customuser_user_permissions USING btree (customuser_id);


--
-- Name: users_customuser_user_permissions_permission_id_baaa2f74; Type: INDEX; Schema: public; Owner: beautipong
--

CREATE INDEX users_customuser_user_permissions_permission_id_baaa2f74 ON public.users_customuser_user_permissions USING btree (permission_id);


--
-- Name: account_emailaddress account_emailaddress_user_id_2c513194_fk_users_customuser_id; Type: FK CONSTRAINT; Schema: public; Owner: beautipong
--

ALTER TABLE ONLY public.account_emailaddress
    ADD CONSTRAINT account_emailaddress_user_id_2c513194_fk_users_customuser_id FOREIGN KEY (user_id) REFERENCES public.users_customuser(id) DEFERRABLE INITIALLY DEFERRED;


--
-- Name: account_emailconfirmation account_emailconfirm_email_address_id_5b7f8c58_fk_account_e; Type: FK CONSTRAINT; Schema: public; Owner: beautipong
--

ALTER TABLE ONLY public.account_emailconfirmation
    ADD CONSTRAINT account_emailconfirm_email_address_id_5b7f8c58_fk_account_e FOREIGN KEY (email_address_id) REFERENCES public.account_emailaddress(id) DEFERRABLE INITIALLY DEFERRED;


--
-- Name: auth_group_permissions auth_group_permissio_permission_id_84c5c92e_fk_auth_perm; Type: FK CONSTRAINT; Schema: public; Owner: beautipong
--

ALTER TABLE ONLY public.auth_group_permissions
    ADD CONSTRAINT auth_group_permissio_permission_id_84c5c92e_fk_auth_perm FOREIGN KEY (permission_id) REFERENCES public.auth_permission(id) DEFERRABLE INITIALLY DEFERRED;


--
-- Name: auth_group_permissions auth_group_permissions_group_id_b120cbf9_fk_auth_group_id; Type: FK CONSTRAINT; Schema: public; Owner: beautipong
--

ALTER TABLE ONLY public.auth_group_permissions
    ADD CONSTRAINT auth_group_permissions_group_id_b120cbf9_fk_auth_group_id FOREIGN KEY (group_id) REFERENCES public.auth_group(id) DEFERRABLE INITIALLY DEFERRED;


--
-- Name: auth_permission auth_permission_content_type_id_2f476e4b_fk_django_co; Type: FK CONSTRAINT; Schema: public; Owner: beautipong
--

ALTER TABLE ONLY public.auth_permission
    ADD CONSTRAINT auth_permission_content_type_id_2f476e4b_fk_django_co FOREIGN KEY (content_type_id) REFERENCES public.django_content_type(id) DEFERRABLE INITIALLY DEFERRED;


--
-- Name: authtoken_token authtoken_token_user_id_35299eff_fk_users_customuser_id; Type: FK CONSTRAINT; Schema: public; Owner: beautipong
--

ALTER TABLE ONLY public.authtoken_token
    ADD CONSTRAINT authtoken_token_user_id_35299eff_fk_users_customuser_id FOREIGN KEY (user_id) REFERENCES public.users_customuser(id) DEFERRABLE INITIALLY DEFERRED;


--
-- Name: chattingRoom_chattingroom chattingRoom_chattin_user1_id_0ff1fc68_fk_users_cus; Type: FK CONSTRAINT; Schema: public; Owner: beautipong
--

ALTER TABLE ONLY public."chattingRoom_chattingroom"
    ADD CONSTRAINT "chattingRoom_chattin_user1_id_0ff1fc68_fk_users_cus" FOREIGN KEY (user1_id) REFERENCES public.users_customuser(id) DEFERRABLE INITIALLY DEFERRED;


--
-- Name: chattingRoom_chattingroom chattingRoom_chattin_user2_id_4507923d_fk_users_cus; Type: FK CONSTRAINT; Schema: public; Owner: beautipong
--

ALTER TABLE ONLY public."chattingRoom_chattingroom"
    ADD CONSTRAINT "chattingRoom_chattin_user2_id_4507923d_fk_users_cus" FOREIGN KEY (user2_id) REFERENCES public.users_customuser(id) DEFERRABLE INITIALLY DEFERRED;


--
-- Name: django_admin_log django_admin_log_content_type_id_c4bce8eb_fk_django_co; Type: FK CONSTRAINT; Schema: public; Owner: beautipong
--

ALTER TABLE ONLY public.django_admin_log
    ADD CONSTRAINT django_admin_log_content_type_id_c4bce8eb_fk_django_co FOREIGN KEY (content_type_id) REFERENCES public.django_content_type(id) DEFERRABLE INITIALLY DEFERRED;


--
-- Name: django_admin_log django_admin_log_user_id_c564eba6_fk_users_customuser_id; Type: FK CONSTRAINT; Schema: public; Owner: beautipong
--

ALTER TABLE ONLY public.django_admin_log
    ADD CONSTRAINT django_admin_log_user_id_c564eba6_fk_users_customuser_id FOREIGN KEY (user_id) REFERENCES public.users_customuser(id) DEFERRABLE INITIALLY DEFERRED;


--
-- Name: friend_friend friend_friend_user1_id_06d6bec5_fk_users_customuser_id; Type: FK CONSTRAINT; Schema: public; Owner: beautipong
--

ALTER TABLE ONLY public.friend_friend
    ADD CONSTRAINT friend_friend_user1_id_06d6bec5_fk_users_customuser_id FOREIGN KEY (user1_id) REFERENCES public.users_customuser(id) DEFERRABLE INITIALLY DEFERRED;


--
-- Name: friend_friend friend_friend_user2_id_f2e93b15_fk_users_customuser_id; Type: FK CONSTRAINT; Schema: public; Owner: beautipong
--

ALTER TABLE ONLY public.friend_friend
    ADD CONSTRAINT friend_friend_user2_id_f2e93b15_fk_users_customuser_id FOREIGN KEY (user2_id) REFERENCES public.users_customuser(id) DEFERRABLE INITIALLY DEFERRED;


--
-- Name: game_game game_game_user1_id_3c6cac14_fk_users_customuser_id; Type: FK CONSTRAINT; Schema: public; Owner: beautipong
--

ALTER TABLE ONLY public.game_game
    ADD CONSTRAINT game_game_user1_id_3c6cac14_fk_users_customuser_id FOREIGN KEY (user1_id) REFERENCES public.users_customuser(id) DEFERRABLE INITIALLY DEFERRED;


--
-- Name: game_game game_game_user2_id_2e325fd9_fk_users_customuser_id; Type: FK CONSTRAINT; Schema: public; Owner: beautipong
--

ALTER TABLE ONLY public.game_game
    ADD CONSTRAINT game_game_user2_id_2e325fd9_fk_users_customuser_id FOREIGN KEY (user2_id) REFERENCES public.users_customuser(id) DEFERRABLE INITIALLY DEFERRED;


--
-- Name: message_message message_message_room_id_818bc4c4_fk_chattingR; Type: FK CONSTRAINT; Schema: public; Owner: beautipong
--

ALTER TABLE ONLY public.message_message
    ADD CONSTRAINT "message_message_room_id_818bc4c4_fk_chattingR" FOREIGN KEY (room_id) REFERENCES public."chattingRoom_chattingroom"(id) DEFERRABLE INITIALLY DEFERRED;


--
-- Name: message_message message_message_sender_id_b8690ab2_fk_users_customuser_id; Type: FK CONSTRAINT; Schema: public; Owner: beautipong
--

ALTER TABLE ONLY public.message_message
    ADD CONSTRAINT message_message_sender_id_b8690ab2_fk_users_customuser_id FOREIGN KEY (sender_id) REFERENCES public.users_customuser(id) DEFERRABLE INITIALLY DEFERRED;


--
-- Name: otp_otp otp_otp_user_id_fe9d6c52_fk_users_customuser_id; Type: FK CONSTRAINT; Schema: public; Owner: beautipong
--

ALTER TABLE ONLY public.otp_otp
    ADD CONSTRAINT otp_otp_user_id_fe9d6c52_fk_users_customuser_id FOREIGN KEY (user_id) REFERENCES public.users_customuser(id) DEFERRABLE INITIALLY DEFERRED;


--
-- Name: scoreHistory_scorehistory scoreHistory_scorehi_user_id_934dc866_fk_users_cus; Type: FK CONSTRAINT; Schema: public; Owner: beautipong
--

ALTER TABLE ONLY public."scoreHistory_scorehistory"
    ADD CONSTRAINT "scoreHistory_scorehi_user_id_934dc866_fk_users_cus" FOREIGN KEY (user_id) REFERENCES public.users_customuser(id) DEFERRABLE INITIALLY DEFERRED;


--
-- Name: socialaccount_socialtoken socialaccount_social_account_id_951f210e_fk_socialacc; Type: FK CONSTRAINT; Schema: public; Owner: beautipong
--

ALTER TABLE ONLY public.socialaccount_socialtoken
    ADD CONSTRAINT socialaccount_social_account_id_951f210e_fk_socialacc FOREIGN KEY (account_id) REFERENCES public.socialaccount_socialaccount(id) DEFERRABLE INITIALLY DEFERRED;


--
-- Name: socialaccount_socialtoken socialaccount_social_app_id_636a42d7_fk_socialacc; Type: FK CONSTRAINT; Schema: public; Owner: beautipong
--

ALTER TABLE ONLY public.socialaccount_socialtoken
    ADD CONSTRAINT socialaccount_social_app_id_636a42d7_fk_socialacc FOREIGN KEY (app_id) REFERENCES public.socialaccount_socialapp(id) DEFERRABLE INITIALLY DEFERRED;


--
-- Name: socialaccount_socialaccount socialaccount_social_user_id_8146e70c_fk_users_cus; Type: FK CONSTRAINT; Schema: public; Owner: beautipong
--

ALTER TABLE ONLY public.socialaccount_socialaccount
    ADD CONSTRAINT socialaccount_social_user_id_8146e70c_fk_users_cus FOREIGN KEY (user_id) REFERENCES public.users_customuser(id) DEFERRABLE INITIALLY DEFERRED;


--
-- Name: users_customuser_groups users_customuser_gro_customuser_id_958147bf_fk_users_cus; Type: FK CONSTRAINT; Schema: public; Owner: beautipong
--

ALTER TABLE ONLY public.users_customuser_groups
    ADD CONSTRAINT users_customuser_gro_customuser_id_958147bf_fk_users_cus FOREIGN KEY (customuser_id) REFERENCES public.users_customuser(id) DEFERRABLE INITIALLY DEFERRED;


--
-- Name: users_customuser_groups users_customuser_groups_group_id_01390b14_fk_auth_group_id; Type: FK CONSTRAINT; Schema: public; Owner: beautipong
--

ALTER TABLE ONLY public.users_customuser_groups
    ADD CONSTRAINT users_customuser_groups_group_id_01390b14_fk_auth_group_id FOREIGN KEY (group_id) REFERENCES public.auth_group(id) DEFERRABLE INITIALLY DEFERRED;


--
-- Name: users_customuser_user_permissions users_customuser_use_customuser_id_5771478b_fk_users_cus; Type: FK CONSTRAINT; Schema: public; Owner: beautipong
--

ALTER TABLE ONLY public.users_customuser_user_permissions
    ADD CONSTRAINT users_customuser_use_customuser_id_5771478b_fk_users_cus FOREIGN KEY (customuser_id) REFERENCES public.users_customuser(id) DEFERRABLE INITIALLY DEFERRED;


--
-- Name: users_customuser_user_permissions users_customuser_use_permission_id_baaa2f74_fk_auth_perm; Type: FK CONSTRAINT; Schema: public; Owner: beautipong
--

ALTER TABLE ONLY public.users_customuser_user_permissions
    ADD CONSTRAINT users_customuser_use_permission_id_baaa2f74_fk_auth_perm FOREIGN KEY (permission_id) REFERENCES public.auth_permission(id) DEFERRABLE INITIALLY DEFERRED;


--
-- PostgreSQL database dump complete
--

