--
-- PostgreSQL database dump
--

-- Dumped from database version 15.7 (Debian 15.7-1.pgdg120+1)
-- Dumped by pg_dump version 15.7 (Debian 15.7-1.pgdg120+1)

SET statement_timeout = 0;
SET lock_timeout = 0;
SET idle_in_transaction_session_timeout = 0;
SET client_encoding = 'UTF8';
SET standard_conforming_strings = on;
SELECT pg_catalog.set_config('search_path', '', false);
SET check_function_bodies = false;
SET xmloption = content;
SET client_min_messages = warning;
SET row_security = off;

SET default_tablespace = '';

SET default_table_access_method = heap;

--
-- Name: auth_group; Type: TABLE; Schema: public; Owner: beautipong
--

CREATE TABLE public.auth_group (
    id integer NOT NULL,
    name character varying(150) NOT NULL
);


ALTER TABLE public.auth_group OWNER TO beautipong;

--
-- Name: auth_group_id_seq; Type: SEQUENCE; Schema: public; Owner: beautipong
--

ALTER TABLE public.auth_group ALTER COLUMN id ADD GENERATED BY DEFAULT AS IDENTITY (
    SEQUENCE NAME public.auth_group_id_seq
    START WITH 1
    INCREMENT BY 1
    NO MINVALUE
    NO MAXVALUE
    CACHE 1
);


--
-- Name: auth_group_permissions; Type: TABLE; Schema: public; Owner: beautipong
--

CREATE TABLE public.auth_group_permissions (
    id bigint NOT NULL,
    group_id integer NOT NULL,
    permission_id integer NOT NULL
);


ALTER TABLE public.auth_group_permissions OWNER TO beautipong;

--
-- Name: auth_group_permissions_id_seq; Type: SEQUENCE; Schema: public; Owner: beautipong
--

ALTER TABLE public.auth_group_permissions ALTER COLUMN id ADD GENERATED BY DEFAULT AS IDENTITY (
    SEQUENCE NAME public.auth_group_permissions_id_seq
    START WITH 1
    INCREMENT BY 1
    NO MINVALUE
    NO MAXVALUE
    CACHE 1
);


--
-- Name: auth_permission; Type: TABLE; Schema: public; Owner: beautipong
--

CREATE TABLE public.auth_permission (
    id integer NOT NULL,
    name character varying(255) NOT NULL,
    content_type_id integer NOT NULL,
    codename character varying(100) NOT NULL
);


ALTER TABLE public.auth_permission OWNER TO beautipong;

--
-- Name: auth_permission_id_seq; Type: SEQUENCE; Schema: public; Owner: beautipong
--

ALTER TABLE public.auth_permission ALTER COLUMN id ADD GENERATED BY DEFAULT AS IDENTITY (
    SEQUENCE NAME public.auth_permission_id_seq
    START WITH 1
    INCREMENT BY 1
    NO MINVALUE
    NO MAXVALUE
    CACHE 1
);


--
-- Name: chattingRoom_chattingroom; Type: TABLE; Schema: public; Owner: beautipong
--

CREATE TABLE public."chattingRoom_chattingroom" (
    id bigint NOT NULL,
    user1_id bigint NOT NULL,
    user2_id bigint NOT NULL,
    name text,
    user1_is_in_chat_room boolean NOT NULL,
    user2_is_in_chat_room boolean NOT NULL
);


ALTER TABLE public."chattingRoom_chattingroom" OWNER TO beautipong;

--
-- Name: chattingRoom_chattingroom_id_seq; Type: SEQUENCE; Schema: public; Owner: beautipong
--

ALTER TABLE public."chattingRoom_chattingroom" ALTER COLUMN id ADD GENERATED BY DEFAULT AS IDENTITY (
    SEQUENCE NAME public."chattingRoom_chattingroom_id_seq"
    START WITH 1
    INCREMENT BY 1
    NO MINVALUE
    NO MAXVALUE
    CACHE 1
);


--
-- Name: django_admin_log; Type: TABLE; Schema: public; Owner: beautipong
--

CREATE TABLE public.django_admin_log (
    id integer NOT NULL,
    action_time timestamp with time zone NOT NULL,
    object_id text,
    object_repr character varying(200) NOT NULL,
    action_flag smallint NOT NULL,
    change_message text NOT NULL,
    content_type_id integer,
    user_id bigint NOT NULL,
    CONSTRAINT django_admin_log_action_flag_check CHECK ((action_flag >= 0))
);


ALTER TABLE public.django_admin_log OWNER TO beautipong;

--
-- Name: django_admin_log_id_seq; Type: SEQUENCE; Schema: public; Owner: beautipong
--

ALTER TABLE public.django_admin_log ALTER COLUMN id ADD GENERATED BY DEFAULT AS IDENTITY (
    SEQUENCE NAME public.django_admin_log_id_seq
    START WITH 1
    INCREMENT BY 1
    NO MINVALUE
    NO MAXVALUE
    CACHE 1
);


--
-- Name: django_content_type; Type: TABLE; Schema: public; Owner: beautipong
--

CREATE TABLE public.django_content_type (
    id integer NOT NULL,
    app_label character varying(100) NOT NULL,
    model character varying(100) NOT NULL
);


ALTER TABLE public.django_content_type OWNER TO beautipong;

--
-- Name: django_content_type_id_seq; Type: SEQUENCE; Schema: public; Owner: beautipong
--

ALTER TABLE public.django_content_type ALTER COLUMN id ADD GENERATED BY DEFAULT AS IDENTITY (
    SEQUENCE NAME public.django_content_type_id_seq
    START WITH 1
    INCREMENT BY 1
    NO MINVALUE
    NO MAXVALUE
    CACHE 1
);


--
-- Name: django_migrations; Type: TABLE; Schema: public; Owner: beautipong
--

CREATE TABLE public.django_migrations (
    id bigint NOT NULL,
    app character varying(255) NOT NULL,
    name character varying(255) NOT NULL,
    applied timestamp with time zone NOT NULL
);


ALTER TABLE public.django_migrations OWNER TO beautipong;

--
-- Name: django_migrations_id_seq; Type: SEQUENCE; Schema: public; Owner: beautipong
--

ALTER TABLE public.django_migrations ALTER COLUMN id ADD GENERATED BY DEFAULT AS IDENTITY (
    SEQUENCE NAME public.django_migrations_id_seq
    START WITH 1
    INCREMENT BY 1
    NO MINVALUE
    NO MAXVALUE
    CACHE 1
);


--
-- Name: django_session; Type: TABLE; Schema: public; Owner: beautipong
--

CREATE TABLE public.django_session (
    session_key character varying(40) NOT NULL,
    session_data text NOT NULL,
    expire_date timestamp with time zone NOT NULL
);


ALTER TABLE public.django_session OWNER TO beautipong;

--
-- Name: friend_friend; Type: TABLE; Schema: public; Owner: beautipong
--

CREATE TABLE public.friend_friend (
    id bigint NOT NULL,
    user1_victory_num integer NOT NULL,
    user2_victory_num integer NOT NULL,
    status character varying(2) NOT NULL,
    user1_id bigint NOT NULL,
    user2_id bigint NOT NULL,
    create_time timestamp with time zone NOT NULL
);


ALTER TABLE public.friend_friend OWNER TO beautipong;

--
-- Name: friend_friend_id_seq; Type: SEQUENCE; Schema: public; Owner: beautipong
--

ALTER TABLE public.friend_friend ALTER COLUMN id ADD GENERATED BY DEFAULT AS IDENTITY (
    SEQUENCE NAME public.friend_friend_id_seq
    START WITH 1
    INCREMENT BY 1
    NO MINVALUE
    NO MAXVALUE
    CACHE 1
);


--
-- Name: game_game; Type: TABLE; Schema: public; Owner: beautipong
--

CREATE TABLE public.game_game (
    id bigint NOT NULL,
    user1_score bigint NOT NULL,
    user2_score bigint NOT NULL,
    create_time timestamp with time zone NOT NULL,
    user1_id bigint NOT NULL,
    user2_id bigint NOT NULL
);


ALTER TABLE public.game_game OWNER TO beautipong;

--
-- Name: game_game_id_seq; Type: SEQUENCE; Schema: public; Owner: beautipong
--

ALTER TABLE public.game_game ALTER COLUMN id ADD GENERATED BY DEFAULT AS IDENTITY (
    SEQUENCE NAME public.game_game_id_seq
    START WITH 1
    INCREMENT BY 1
    NO MINVALUE
    NO MAXVALUE
    CACHE 1
);


--
-- Name: message_message; Type: TABLE; Schema: public; Owner: beautipong
--

CREATE TABLE public.message_message (
    id bigint NOT NULL,
    content text NOT NULL,
    created_at timestamp with time zone NOT NULL,
    room_id bigint NOT NULL,
    sender_id bigint NOT NULL,
    read_status character varying(10) NOT NULL
);


ALTER TABLE public.message_message OWNER TO beautipong;

--
-- Name: message_message_id_seq; Type: SEQUENCE; Schema: public; Owner: beautipong
--

ALTER TABLE public.message_message ALTER COLUMN id ADD GENERATED BY DEFAULT AS IDENTITY (
    SEQUENCE NAME public.message_message_id_seq
    START WITH 1
    INCREMENT BY 1
    NO MINVALUE
    NO MAXVALUE
    CACHE 1
);


--
-- Name: otp_otp; Type: TABLE; Schema: public; Owner: beautipong
--

CREATE TABLE public.otp_otp (
    id bigint NOT NULL,
    otp character varying(6) NOT NULL,
    created_at timestamp with time zone NOT NULL,
    user_id bigint NOT NULL
);


ALTER TABLE public.otp_otp OWNER TO beautipong;

--
-- Name: otp_otp_id_seq; Type: SEQUENCE; Schema: public; Owner: beautipong
--

ALTER TABLE public.otp_otp ALTER COLUMN id ADD GENERATED BY DEFAULT AS IDENTITY (
    SEQUENCE NAME public.otp_otp_id_seq
    START WITH 1
    INCREMENT BY 1
    NO MINVALUE
    NO MAXVALUE
    CACHE 1
);


--
-- Name: scoreHistory_scorehistory; Type: TABLE; Schema: public; Owner: beautipong
--

CREATE TABLE public."scoreHistory_scorehistory" (
    id bigint NOT NULL,
    score bigint NOT NULL,
    create_time timestamp with time zone NOT NULL,
    user_id bigint NOT NULL
);


ALTER TABLE public."scoreHistory_scorehistory" OWNER TO beautipong;

--
-- Name: scoreHistory_scorehistory_id_seq; Type: SEQUENCE; Schema: public; Owner: beautipong
--

ALTER TABLE public."scoreHistory_scorehistory" ALTER COLUMN id ADD GENERATED BY DEFAULT AS IDENTITY (
    SEQUENCE NAME public."scoreHistory_scorehistory_id_seq"
    START WITH 1
    INCREMENT BY 1
    NO MINVALUE
    NO MAXVALUE
    CACHE 1
);


--
-- Name: token_blacklist_blacklistedtoken; Type: TABLE; Schema: public; Owner: beautipong
--

CREATE TABLE public.token_blacklist_blacklistedtoken (
    id bigint NOT NULL,
    blacklisted_at timestamp with time zone NOT NULL,
    token_id bigint NOT NULL
);


ALTER TABLE public.token_blacklist_blacklistedtoken OWNER TO beautipong;

--
-- Name: token_blacklist_blacklistedtoken_id_seq; Type: SEQUENCE; Schema: public; Owner: beautipong
--

ALTER TABLE public.token_blacklist_blacklistedtoken ALTER COLUMN id ADD GENERATED BY DEFAULT AS IDENTITY (
    SEQUENCE NAME public.token_blacklist_blacklistedtoken_id_seq
    START WITH 1
    INCREMENT BY 1
    NO MINVALUE
    NO MAXVALUE
    CACHE 1
);


--
-- Name: token_blacklist_outstandingtoken; Type: TABLE; Schema: public; Owner: beautipong
--

CREATE TABLE public.token_blacklist_outstandingtoken (
    id bigint NOT NULL,
    token text NOT NULL,
    created_at timestamp with time zone,
    expires_at timestamp with time zone NOT NULL,
    user_id bigint,
    jti character varying(255) NOT NULL
);


ALTER TABLE public.token_blacklist_outstandingtoken OWNER TO beautipong;

--
-- Name: token_blacklist_outstandingtoken_id_seq; Type: SEQUENCE; Schema: public; Owner: beautipong
--

ALTER TABLE public.token_blacklist_outstandingtoken ALTER COLUMN id ADD GENERATED BY DEFAULT AS IDENTITY (
    SEQUENCE NAME public.token_blacklist_outstandingtoken_id_seq
    START WITH 1
    INCREMENT BY 1
    NO MINVALUE
    NO MAXVALUE
    CACHE 1
);


--
-- Name: users_customuser; Type: TABLE; Schema: public; Owner: beautipong
--

CREATE TABLE public.users_customuser (
    id bigint NOT NULL,
    password character varying(128) NOT NULL,
    last_login timestamp with time zone,
    is_superuser boolean NOT NULL,
    nickname character varying(30) NOT NULL,
    "userID" character varying(30),
    "oauthID" character varying(30),
    score integer NOT NULL,
    image text,
    is_active boolean NOT NULL,
    is_staff boolean NOT NULL,
    date_joined timestamp with time zone NOT NULL,
    email character varying(254) NOT NULL,
    is_in_game boolean NOT NULL,
    is_online boolean NOT NULL,
    last_logout timestamp with time zone NOT NULL,
    match_cnt integer NOT NULL,
    win_cnt integer NOT NULL
);


ALTER TABLE public.users_customuser OWNER TO beautipong;

--
-- Name: users_customuser_groups; Type: TABLE; Schema: public; Owner: beautipong
--

CREATE TABLE public.users_customuser_groups (
    id bigint NOT NULL,
    customuser_id bigint NOT NULL,
    group_id integer NOT NULL
);


ALTER TABLE public.users_customuser_groups OWNER TO beautipong;

--
-- Name: users_customuser_groups_id_seq; Type: SEQUENCE; Schema: public; Owner: beautipong
--

ALTER TABLE public.users_customuser_groups ALTER COLUMN id ADD GENERATED BY DEFAULT AS IDENTITY (
    SEQUENCE NAME public.users_customuser_groups_id_seq
    START WITH 1
    INCREMENT BY 1
    NO MINVALUE
    NO MAXVALUE
    CACHE 1
);


--
-- Name: users_customuser_id_seq; Type: SEQUENCE; Schema: public; Owner: beautipong
--

ALTER TABLE public.users_customuser ALTER COLUMN id ADD GENERATED BY DEFAULT AS IDENTITY (
    SEQUENCE NAME public.users_customuser_id_seq
    START WITH 1
    INCREMENT BY 1
    NO MINVALUE
    NO MAXVALUE
    CACHE 1
);


--
-- Name: users_customuser_user_permissions; Type: TABLE; Schema: public; Owner: beautipong
--

CREATE TABLE public.users_customuser_user_permissions (
    id bigint NOT NULL,
    customuser_id bigint NOT NULL,
    permission_id integer NOT NULL
);


ALTER TABLE public.users_customuser_user_permissions OWNER TO beautipong;

--
-- Name: users_customuser_user_permissions_id_seq; Type: SEQUENCE; Schema: public; Owner: beautipong
--

ALTER TABLE public.users_customuser_user_permissions ALTER COLUMN id ADD GENERATED BY DEFAULT AS IDENTITY (
    SEQUENCE NAME public.users_customuser_user_permissions_id_seq
    START WITH 1
    INCREMENT BY 1
    NO MINVALUE
    NO MAXVALUE
    CACHE 1
);


--
-- Data for Name: auth_group; Type: TABLE DATA; Schema: public; Owner: beautipong
--

COPY public.auth_group (id, name) FROM stdin;
\.


--
-- Data for Name: auth_group_permissions; Type: TABLE DATA; Schema: public; Owner: beautipong
--

COPY public.auth_group_permissions (id, group_id, permission_id) FROM stdin;
\.


--
-- Data for Name: auth_permission; Type: TABLE DATA; Schema: public; Owner: beautipong
--

COPY public.auth_permission (id, name, content_type_id, codename) FROM stdin;
1	Can add log entry	1	add_logentry
2	Can change log entry	1	change_logentry
3	Can delete log entry	1	delete_logentry
4	Can view log entry	1	view_logentry
5	Can add permission	2	add_permission
6	Can change permission	2	change_permission
7	Can delete permission	2	delete_permission
8	Can view permission	2	view_permission
9	Can add group	3	add_group
10	Can change group	3	change_group
11	Can delete group	3	delete_group
12	Can view group	3	view_group
13	Can add content type	4	add_contenttype
14	Can change content type	4	change_contenttype
15	Can delete content type	4	delete_contenttype
16	Can view content type	4	view_contenttype
17	Can add session	5	add_session
18	Can change session	5	change_session
19	Can delete session	5	delete_session
20	Can view session	5	view_session
21	Can add blacklisted token	6	add_blacklistedtoken
22	Can change blacklisted token	6	change_blacklistedtoken
23	Can delete blacklisted token	6	delete_blacklistedtoken
24	Can view blacklisted token	6	view_blacklistedtoken
25	Can add outstanding token	7	add_outstandingtoken
26	Can change outstanding token	7	change_outstandingtoken
27	Can delete outstanding token	7	delete_outstandingtoken
28	Can view outstanding token	7	view_outstandingtoken
29	Can add custom user	8	add_customuser
30	Can change custom user	8	change_customuser
31	Can delete custom user	8	delete_customuser
32	Can view custom user	8	view_customuser
33	Can add chatting room	9	add_chattingroom
34	Can change chatting room	9	change_chattingroom
35	Can delete chatting room	9	delete_chattingroom
36	Can view chatting room	9	view_chattingroom
37	Can add friend	10	add_friend
38	Can change friend	10	change_friend
39	Can delete friend	10	delete_friend
40	Can view friend	10	view_friend
41	Can add game	11	add_game
42	Can change game	11	change_game
43	Can delete game	11	delete_game
44	Can view game	11	view_game
45	Can add message	12	add_message
46	Can change message	12	change_message
47	Can delete message	12	delete_message
48	Can view message	12	view_message
49	Can add score history	13	add_scorehistory
50	Can change score history	13	change_scorehistory
51	Can delete score history	13	delete_scorehistory
52	Can view score history	13	view_scorehistory
53	Can add otp	14	add_otp
54	Can change otp	14	change_otp
55	Can delete otp	14	delete_otp
56	Can view otp	14	view_otp
\.


--
-- Data for Name: chattingRoom_chattingroom; Type: TABLE DATA; Schema: public; Owner: beautipong
--

COPY public."chattingRoom_chattingroom" (id, user1_id, user2_id, name, user1_is_in_chat_room, user2_is_in_chat_room) FROM stdin;
1	2	1	chat_dongseo_ttt	f	f
2	3	1	chat_dongseo_qqq	f	f
\.


--
-- Data for Name: django_admin_log; Type: TABLE DATA; Schema: public; Owner: beautipong
--

COPY public.django_admin_log (id, action_time, object_id, object_repr, action_flag, change_message, content_type_id, user_id) FROM stdin;
\.


--
-- Data for Name: django_content_type; Type: TABLE DATA; Schema: public; Owner: beautipong
--

COPY public.django_content_type (id, app_label, model) FROM stdin;
1	admin	logentry
2	auth	permission
3	auth	group
4	contenttypes	contenttype
5	sessions	session
6	token_blacklist	blacklistedtoken
7	token_blacklist	outstandingtoken
8	users	customuser
9	chattingRoom	chattingroom
10	friend	friend
11	game	game
12	message	message
13	scoreHistory	scorehistory
14	otp	otp
\.


--
-- Data for Name: django_migrations; Type: TABLE DATA; Schema: public; Owner: beautipong
--

COPY public.django_migrations (id, app, name, applied) FROM stdin;
1	contenttypes	0001_initial	2024-08-19 04:48:54.803923+00
2	contenttypes	0002_remove_content_type_name	2024-08-19 04:48:54.806188+00
3	auth	0001_initial	2024-08-19 04:48:54.819988+00
4	auth	0002_alter_permission_name_max_length	2024-08-19 04:48:54.822495+00
5	auth	0003_alter_user_email_max_length	2024-08-19 04:48:54.824428+00
6	auth	0004_alter_user_username_opts	2024-08-19 04:48:54.826271+00
7	auth	0005_alter_user_last_login_null	2024-08-19 04:48:54.828186+00
8	auth	0006_require_contenttypes_0002	2024-08-19 04:48:54.828782+00
9	auth	0007_alter_validators_add_error_messages	2024-08-19 04:48:54.830858+00
10	auth	0008_alter_user_username_max_length	2024-08-19 04:48:54.832923+00
11	auth	0009_alter_user_last_name_max_length	2024-08-19 04:48:54.834765+00
12	auth	0010_alter_group_name_max_length	2024-08-19 04:48:54.836765+00
13	auth	0011_update_proxy_permissions	2024-08-19 04:48:54.8387+00
14	auth	0012_alter_user_first_name_max_length	2024-08-19 04:48:54.84051+00
15	users	0001_initial	2024-08-19 04:48:54.855472+00
16	admin	0001_initial	2024-08-19 04:48:54.865031+00
17	admin	0002_logentry_remove_auto_add	2024-08-19 04:48:54.867586+00
18	admin	0003_logentry_add_action_flag_choices	2024-08-19 04:48:54.870135+00
19	chattingRoom	0001_initial	2024-08-19 04:48:54.875544+00
20	chattingRoom	0002_chattingroom_name	2024-08-19 04:48:54.878935+00
21	chattingRoom	0003_chattingroom_user1_is_in_chat_room_and_more	2024-08-19 04:48:54.883996+00
22	friend	0001_initial	2024-08-19 04:48:54.890238+00
23	friend	0002_alter_friend_status	2024-08-19 04:48:54.89383+00
24	friend	0003_friend_create_time	2024-08-19 04:48:54.897153+00
25	game	0001_initial	2024-08-19 04:48:54.904683+00
26	message	0001_initial	2024-08-19 04:48:54.911917+00
27	message	0002_message_read_status	2024-08-19 04:48:54.915458+00
28	otp	0001_initial	2024-08-19 04:48:54.92194+00
29	scoreHistory	0001_initial	2024-08-19 04:48:54.927603+00
30	sessions	0001_initial	2024-08-19 04:48:54.932413+00
31	token_blacklist	0001_initial	2024-08-19 04:48:54.946587+00
32	token_blacklist	0002_outstandingtoken_jti_hex	2024-08-19 04:48:54.950807+00
33	token_blacklist	0003_auto_20171017_2007	2024-08-19 04:48:54.956722+00
34	token_blacklist	0004_auto_20171017_2013	2024-08-19 04:48:54.962262+00
35	token_blacklist	0005_remove_outstandingtoken_jti	2024-08-19 04:48:54.966448+00
36	token_blacklist	0006_auto_20171017_2113	2024-08-19 04:48:54.970733+00
37	token_blacklist	0007_auto_20171017_2214	2024-08-19 04:48:54.981064+00
38	token_blacklist	0008_migrate_to_bigautofield	2024-08-19 04:48:54.996165+00
39	token_blacklist	0010_fix_migrate_to_bigautofield	2024-08-19 04:48:55.002975+00
40	token_blacklist	0011_linearizes_history	2024-08-19 04:48:55.00364+00
41	token_blacklist	0012_alter_outstandingtoken_user	2024-08-19 04:48:55.007753+00
42	users	0002_customuser_is_in_game_customuser_is_online_and_more	2024-08-19 04:48:55.042633+00
\.


--
-- Data for Name: django_session; Type: TABLE DATA; Schema: public; Owner: beautipong
--

COPY public.django_session (session_key, session_data, expire_date) FROM stdin;
\.


--
-- Data for Name: friend_friend; Type: TABLE DATA; Schema: public; Owner: beautipong
--

COPY public.friend_friend (id, user1_victory_num, user2_victory_num, status, user1_id, user2_id, create_time) FROM stdin;
4	0	0	AC	2	1	2024-08-19 04:52:51.102212+00
3	0	0	AC	1	2	2024-08-19 04:52:51.100925+00
2	0	0	AC	3	1	2024-08-19 04:52:46.616803+00
1	0	0	AC	1	3	2024-08-19 04:52:46.615211+00
\.


--
-- Data for Name: game_game; Type: TABLE DATA; Schema: public; Owner: beautipong
--

COPY public.game_game (id, user1_score, user2_score, create_time, user1_id, user2_id) FROM stdin;
1	0	5	2024-09-03 07:23:53.326315+00	1	2
2	5	0	2024-09-03 07:23:53.32957+00	2	1
3	0	5	2024-09-03 07:25:55.844581+00	1	2
4	5	0	2024-09-03 07:25:55.846594+00	2	1
5	0	6	2024-09-03 07:25:57.044981+00	2	1
6	6	0	2024-09-03 07:25:57.047192+00	1	2
7	0	5	2024-09-03 07:26:54.239112+00	2	1
8	5	0	2024-09-03 07:26:54.242104+00	1	2
9	0	5	2024-09-03 07:29:36.970896+00	2	1
10	5	0	2024-09-03 07:29:36.973199+00	1	2
11	0	5	2024-09-03 07:30:47.366827+00	1	2
12	5	0	2024-09-03 07:30:47.369694+00	2	1
13	0	5	2024-09-03 07:32:09.161246+00	1	2
14	5	0	2024-09-03 07:32:09.163206+00	2	1
15	0	5	2024-09-03 07:32:30.640573+00	1	2
16	5	0	2024-09-03 07:32:30.642519+00	2	1
\.


--
-- Data for Name: message_message; Type: TABLE DATA; Schema: public; Owner: beautipong
--

COPY public.message_message (id, content, created_at, room_id, sender_id, read_status) FROM stdin;
\.


--
-- Data for Name: otp_otp; Type: TABLE DATA; Schema: public; Owner: beautipong
--

COPY public.otp_otp (id, otp, created_at, user_id) FROM stdin;
\.


--
-- Data for Name: scoreHistory_scorehistory; Type: TABLE DATA; Schema: public; Owner: beautipong
--

COPY public."scoreHistory_scorehistory" (id, score, create_time, user_id) FROM stdin;
1	980	2024-09-03 07:23:53.332671+00	1
2	1020	2024-09-03 07:23:53.334224+00	2
3	960	2024-09-03 07:25:55.849176+00	1
4	1040	2024-09-03 07:25:55.849822+00	2
5	1020	2024-09-03 07:25:57.050491+00	2
6	980	2024-09-03 07:25:57.05133+00	1
7	1000	2024-09-03 07:26:54.244747+00	2
8	1000	2024-09-03 07:26:54.24543+00	1
9	980	2024-09-03 07:29:36.976105+00	2
10	1020	2024-09-03 07:29:36.976834+00	1
11	1000	2024-09-03 07:30:47.373025+00	1
12	1000	2024-09-03 07:30:47.373896+00	2
13	980	2024-09-03 07:32:09.166609+00	1
14	1020	2024-09-03 07:32:09.167544+00	2
15	960	2024-09-03 07:32:30.645492+00	1
16	1040	2024-09-03 07:32:30.647189+00	2
\.


--
-- Data for Name: token_blacklist_blacklistedtoken; Type: TABLE DATA; Schema: public; Owner: beautipong
--

COPY public.token_blacklist_blacklistedtoken (id, blacklisted_at, token_id) FROM stdin;
\.


--
-- Data for Name: token_blacklist_outstandingtoken; Type: TABLE DATA; Schema: public; Owner: beautipong
--

COPY public.token_blacklist_outstandingtoken (id, token, created_at, expires_at, user_id, jti) FROM stdin;
1	eyJhbGciOiJIUzI1NiIsInR5cCI6IkpXVCJ9.eyJ0b2tlbl90eXBlIjoicmVmcmVzaCIsImV4cCI6MTcyNDY0NzkzNiwiaWF0IjoxNzI0MDQzMTM2LCJqdGkiOiI0MmM4NGY4YWU4YjE0YjI0ODkxYTUwMDliYzliODQ5NCIsInVzZXJfaWQiOjF9._SvxE-TTG-pjJGpMxP1imOlDUx4v6EeUuJgYn1mX5yc	2024-08-19 04:52:16.765886+00	2024-08-26 04:52:16+00	1	42c84f8ae8b14b24891a5009bc9b8494
2	eyJhbGciOiJIUzI1NiIsInR5cCI6IkpXVCJ9.eyJ0b2tlbl90eXBlIjoicmVmcmVzaCIsImV4cCI6MTcyNDY0Nzk0MCwiaWF0IjoxNzI0MDQzMTQwLCJqdGkiOiI3NTc5Zjg4ZmMyYmE0ZTk3ODU4OGMxMzdjNDllZGRlYiIsInVzZXJfaWQiOjJ9.7qLxJ4J4fP8CVwEO0lsBDhMsk07eromV-u7lDhxuryw	2024-08-19 04:52:20.516684+00	2024-08-26 04:52:20+00	2	7579f88fc2ba4e978588c137c49eddeb
3	eyJhbGciOiJIUzI1NiIsInR5cCI6IkpXVCJ9.eyJ0b2tlbl90eXBlIjoicmVmcmVzaCIsImV4cCI6MTcyNDY0Nzk0NCwiaWF0IjoxNzI0MDQzMTQ0LCJqdGkiOiI0MmQ1OTUyYjU4YmI0OWNlYWUxM2UzNTliYzE1YWIwZiIsInVzZXJfaWQiOjN9.IkIJ_P2QX1V8RnBk53N81mqk7FiSD9Cl7WhHKu18jxM	2024-08-19 04:52:24.665254+00	2024-08-26 04:52:24+00	3	42d5952b58bb49ceae13e359bc15ab0f
4	eyJhbGciOiJIUzI1NiIsInR5cCI6IkpXVCJ9.eyJ0b2tlbl90eXBlIjoicmVmcmVzaCIsImV4cCI6MTcyNTk0OTIwMSwiaWF0IjoxNzI1MzQ0NDAxLCJqdGkiOiI5NTAyZmUxY2Q2MTA0YjU4YTZkNjRjNmE4YmY0MDE5NiIsInVzZXJfaWQiOjJ9.OGRXOpKbO2ZzP1TBQiWzzDQvbOdnhUmOsfW7dFWoc30	2024-09-03 06:20:01.326945+00	2024-09-10 06:20:01+00	2	9502fe1cd6104b58a6d64c6a8bf40196
5	eyJhbGciOiJIUzI1NiIsInR5cCI6IkpXVCJ9.eyJ0b2tlbl90eXBlIjoicmVmcmVzaCIsImV4cCI6MTcyNTk1MDQwNiwiaWF0IjoxNzI1MzQ1NjA2LCJqdGkiOiI2YTRmOWQ2YjNhNjg0MmU1OWY2NGE1ZDRlN2MyZmY1MiIsInVzZXJfaWQiOjJ9.N19HhfHwAv7zQJItrHgEUz0ilV5liLnwHdvnAzLKh_A	2024-09-03 06:40:06.389639+00	2024-09-10 06:40:06+00	2	6a4f9d6b3a6842e59f64a5d4e7c2ff52
6	eyJhbGciOiJIUzI1NiIsInR5cCI6IkpXVCJ9.eyJ0b2tlbl90eXBlIjoicmVmcmVzaCIsImV4cCI6MTcyNTk1MDQ2MCwiaWF0IjoxNzI1MzQ1NjYwLCJqdGkiOiJmNWQzZjIxZDYwMzg0NTI1OWJhYWQyMjBkODYxZGM3OCIsInVzZXJfaWQiOjF9.TcGnxizoQwDxfWQGXaB6RySk2FWUJc1LKpc7_mE_pRo	2024-09-03 06:41:00.998786+00	2024-09-10 06:41:00+00	1	f5d3f21d603845259baad220d861dc78
7	eyJhbGciOiJIUzI1NiIsInR5cCI6IkpXVCJ9.eyJ0b2tlbl90eXBlIjoicmVmcmVzaCIsImV4cCI6MTcyNTk1MDk5OCwiaWF0IjoxNzI1MzQ2MTk4LCJqdGkiOiIzZDM1MjExYzg2YTg0YzlmODgyNmZhZmZjOWU2MjhmOSIsInVzZXJfaWQiOjJ9.wVzLIILXeXo9ZXGK-QpD2TPsivyDDkE4HDrfZeGg4mY	2024-09-03 06:49:58.251545+00	2024-09-10 06:49:58+00	2	3d35211c86a84c9f8826faffc9e628f9
8	eyJhbGciOiJIUzI1NiIsInR5cCI6IkpXVCJ9.eyJ0b2tlbl90eXBlIjoicmVmcmVzaCIsImV4cCI6MTcyNTk1MTAxMiwiaWF0IjoxNzI1MzQ2MjEyLCJqdGkiOiJlNTlkZTBhMjdlODY0NjA2YmU1ZjE1YTdmZDg2YjU4ZCIsInVzZXJfaWQiOjF9.Rtiq4-In3wxy9enHZGHAdDdJht0PHCi4I1VPITjBtlw	2024-09-03 06:50:12.525651+00	2024-09-10 06:50:12+00	1	e59de0a27e864606be5f15a7fd86b58d
9	eyJhbGciOiJIUzI1NiIsInR5cCI6IkpXVCJ9.eyJ0b2tlbl90eXBlIjoicmVmcmVzaCIsImV4cCI6MTcyNTk1Mjk5OCwiaWF0IjoxNzI1MzQ4MTk4LCJqdGkiOiI4ZTcxODI2OTZkNjY0ZjU3ODgyMDVhOWMzOWMyZjEzOSIsInVzZXJfaWQiOjJ9.VCmciZPAAW7WbKWSoozqx91LTFFQ9P5kFWtBaYzephE	2024-09-03 07:23:18.680921+00	2024-09-10 07:23:18+00	2	8e7182696d664f5788205a9c39c2f139
10	eyJhbGciOiJIUzI1NiIsInR5cCI6IkpXVCJ9.eyJ0b2tlbl90eXBlIjoicmVmcmVzaCIsImV4cCI6MTcyNTk1MzAxOCwiaWF0IjoxNzI1MzQ4MjE4LCJqdGkiOiI2NDRmMzdkOWJkMDk0YzUwODA2MTRmZGFjOTgwNGQ3MCIsInVzZXJfaWQiOjF9.7G8_VIJ9D8onxCCXPaYb3dQgSmlDm2SHBViiucQV4T8	2024-09-03 07:23:38.316002+00	2024-09-10 07:23:38+00	1	644f37d9bd094c5080614fdac9804d70
11	eyJhbGciOiJIUzI1NiIsInR5cCI6IkpXVCJ9.eyJ0b2tlbl90eXBlIjoicmVmcmVzaCIsImV4cCI6MTcyNTk1MzE0MiwiaWF0IjoxNzI1MzQ4MzQyLCJqdGkiOiIwZDA5MDJmNWRiMmQ0Y2I1YmM2ODU0YzI1MGIxNDkyZiIsInVzZXJfaWQiOjF9.Id_yDGXXslIEYZtNDjm9isCQR3IMuqnEbuxvRWOCnp8	2024-09-03 07:25:42.365163+00	2024-09-10 07:25:42+00	1	0d0902f5db2d4cb5bc6854c250b1492f
12	eyJhbGciOiJIUzI1NiIsInR5cCI6IkpXVCJ9.eyJ0b2tlbl90eXBlIjoicmVmcmVzaCIsImV4cCI6MTcyNTk1MzQ4NywiaWF0IjoxNzI1MzQ4Njg3LCJqdGkiOiIyNjUyYjliMGRkOGU0ZjM4OGEzMGQ3YWQ4YzY5NzExYyIsInVzZXJfaWQiOjF9.Hdjw3aurt-23JL98Gp65o3pzQiZ_vrUjqBRLkeR_ECI	2024-09-03 07:31:27.613118+00	2024-09-10 07:31:27+00	1	2652b9b0dd8e4f388a30d7ad8c69711c
\.


--
-- Data for Name: users_customuser; Type: TABLE DATA; Schema: public; Owner: beautipong
--

COPY public.users_customuser (id, password, last_login, is_superuser, nickname, "userID", "oauthID", score, image, is_active, is_staff, date_joined, email, is_in_game, is_online, last_logout, match_cnt, win_cnt) FROM stdin;
3	pbkdf2_sha256$600000$iwgZ2ot13G06xmmtrKsB3t$ulywcypcW63UzbnxEfTpfl/DDz7v9T7bqeowqnmyKEE=	\N	f	qqq	qq	\N	1000	\N	t	f	2024-08-19 04:51:41.902158+00	test@test	f	f	2024-08-19 04:51:41.736611+00	0	0
1	pbkdf2_sha256$600000$p49xPHhmHaW1NR7QSFZWaG$wlTC4ktZx/a66YPC0CgTQ2MCHSYOyQ3dOxkqpANTMyM=	\N	f	dongseo	dongseo	\N	960	\N	t	f	2024-08-19 04:50:50.260779+00	dongseo@com	f	f	2024-09-03 07:01:33.499151+00	8	3
2	pbkdf2_sha256$600000$F38M0rIGqP6R01c2Vq2XZR$x9Wm2mBo1LZ8Bk+4Zbvg5ifUVswgWQBnDL64LoDij9o=	\N	f	ttt	tt	\N	1040	\N	t	f	2024-08-19 04:51:29.308751+00	tt@com	f	f	2024-09-03 07:01:32.663453+00	8	5
\.


--
-- Data for Name: users_customuser_groups; Type: TABLE DATA; Schema: public; Owner: beautipong
--

COPY public.users_customuser_groups (id, customuser_id, group_id) FROM stdin;
\.


--
-- Data for Name: users_customuser_user_permissions; Type: TABLE DATA; Schema: public; Owner: beautipong
--

COPY public.users_customuser_user_permissions (id, customuser_id, permission_id) FROM stdin;
\.


--
-- Name: auth_group_id_seq; Type: SEQUENCE SET; Schema: public; Owner: beautipong
--

SELECT pg_catalog.setval('public.auth_group_id_seq', 1, false);


--
-- Name: auth_group_permissions_id_seq; Type: SEQUENCE SET; Schema: public; Owner: beautipong
--

SELECT pg_catalog.setval('public.auth_group_permissions_id_seq', 1, false);


--
-- Name: auth_permission_id_seq; Type: SEQUENCE SET; Schema: public; Owner: beautipong
--

SELECT pg_catalog.setval('public.auth_permission_id_seq', 56, true);


--
-- Name: chattingRoom_chattingroom_id_seq; Type: SEQUENCE SET; Schema: public; Owner: beautipong
--

SELECT pg_catalog.setval('public."chattingRoom_chattingroom_id_seq"', 2, true);


--
-- Name: django_admin_log_id_seq; Type: SEQUENCE SET; Schema: public; Owner: beautipong
--

SELECT pg_catalog.setval('public.django_admin_log_id_seq', 1, false);


--
-- Name: django_content_type_id_seq; Type: SEQUENCE SET; Schema: public; Owner: beautipong
--

SELECT pg_catalog.setval('public.django_content_type_id_seq', 14, true);


--
-- Name: django_migrations_id_seq; Type: SEQUENCE SET; Schema: public; Owner: beautipong
--

SELECT pg_catalog.setval('public.django_migrations_id_seq', 42, true);


--
-- Name: friend_friend_id_seq; Type: SEQUENCE SET; Schema: public; Owner: beautipong
--

SELECT pg_catalog.setval('public.friend_friend_id_seq', 4, true);


--
-- Name: game_game_id_seq; Type: SEQUENCE SET; Schema: public; Owner: beautipong
--

SELECT pg_catalog.setval('public.game_game_id_seq', 16, true);


--
-- Name: message_message_id_seq; Type: SEQUENCE SET; Schema: public; Owner: beautipong
--

SELECT pg_catalog.setval('public.message_message_id_seq', 1, false);


--
-- Name: otp_otp_id_seq; Type: SEQUENCE SET; Schema: public; Owner: beautipong
--

SELECT pg_catalog.setval('public.otp_otp_id_seq', 1, false);


--
-- Name: scoreHistory_scorehistory_id_seq; Type: SEQUENCE SET; Schema: public; Owner: beautipong
--

SELECT pg_catalog.setval('public."scoreHistory_scorehistory_id_seq"', 16, true);


--
-- Name: token_blacklist_blacklistedtoken_id_seq; Type: SEQUENCE SET; Schema: public; Owner: beautipong
--

SELECT pg_catalog.setval('public.token_blacklist_blacklistedtoken_id_seq', 1, false);


--
-- Name: token_blacklist_outstandingtoken_id_seq; Type: SEQUENCE SET; Schema: public; Owner: beautipong
--

SELECT pg_catalog.setval('public.token_blacklist_outstandingtoken_id_seq', 12, true);


--
-- Name: users_customuser_groups_id_seq; Type: SEQUENCE SET; Schema: public; Owner: beautipong
--

SELECT pg_catalog.setval('public.users_customuser_groups_id_seq', 1, false);


--
-- Name: users_customuser_id_seq; Type: SEQUENCE SET; Schema: public; Owner: beautipong
--

SELECT pg_catalog.setval('public.users_customuser_id_seq', 3, true);


--
-- Name: users_customuser_user_permissions_id_seq; Type: SEQUENCE SET; Schema: public; Owner: beautipong
--

SELECT pg_catalog.setval('public.users_customuser_user_permissions_id_seq', 1, false);


--
-- Name: auth_group auth_group_name_key; Type: CONSTRAINT; Schema: public; Owner: beautipong
--

ALTER TABLE ONLY public.auth_group
    ADD CONSTRAINT auth_group_name_key UNIQUE (name);


--
-- Name: auth_group_permissions auth_group_permissions_group_id_permission_id_0cd325b0_uniq; Type: CONSTRAINT; Schema: public; Owner: beautipong
--

ALTER TABLE ONLY public.auth_group_permissions
    ADD CONSTRAINT auth_group_permissions_group_id_permission_id_0cd325b0_uniq UNIQUE (group_id, permission_id);


--
-- Name: auth_group_permissions auth_group_permissions_pkey; Type: CONSTRAINT; Schema: public; Owner: beautipong
--

ALTER TABLE ONLY public.auth_group_permissions
    ADD CONSTRAINT auth_group_permissions_pkey PRIMARY KEY (id);


--
-- Name: auth_group auth_group_pkey; Type: CONSTRAINT; Schema: public; Owner: beautipong
--

ALTER TABLE ONLY public.auth_group
    ADD CONSTRAINT auth_group_pkey PRIMARY KEY (id);


--
-- Name: auth_permission auth_permission_content_type_id_codename_01ab375a_uniq; Type: CONSTRAINT; Schema: public; Owner: beautipong
--

ALTER TABLE ONLY public.auth_permission
    ADD CONSTRAINT auth_permission_content_type_id_codename_01ab375a_uniq UNIQUE (content_type_id, codename);


--
-- Name: auth_permission auth_permission_pkey; Type: CONSTRAINT; Schema: public; Owner: beautipong
--

ALTER TABLE ONLY public.auth_permission
    ADD CONSTRAINT auth_permission_pkey PRIMARY KEY (id);


--
-- Name: chattingRoom_chattingroom chattingRoom_chattingroom_pkey; Type: CONSTRAINT; Schema: public; Owner: beautipong
--

ALTER TABLE ONLY public."chattingRoom_chattingroom"
    ADD CONSTRAINT "chattingRoom_chattingroom_pkey" PRIMARY KEY (id);


--
-- Name: django_admin_log django_admin_log_pkey; Type: CONSTRAINT; Schema: public; Owner: beautipong
--

ALTER TABLE ONLY public.django_admin_log
    ADD CONSTRAINT django_admin_log_pkey PRIMARY KEY (id);


--
-- Name: django_content_type django_content_type_app_label_model_76bd3d3b_uniq; Type: CONSTRAINT; Schema: public; Owner: beautipong
--

ALTER TABLE ONLY public.django_content_type
    ADD CONSTRAINT django_content_type_app_label_model_76bd3d3b_uniq UNIQUE (app_label, model);


--
-- Name: django_content_type django_content_type_pkey; Type: CONSTRAINT; Schema: public; Owner: beautipong
--

ALTER TABLE ONLY public.django_content_type
    ADD CONSTRAINT django_content_type_pkey PRIMARY KEY (id);


--
-- Name: django_migrations django_migrations_pkey; Type: CONSTRAINT; Schema: public; Owner: beautipong
--

ALTER TABLE ONLY public.django_migrations
    ADD CONSTRAINT django_migrations_pkey PRIMARY KEY (id);


--
-- Name: django_session django_session_pkey; Type: CONSTRAINT; Schema: public; Owner: beautipong
--

ALTER TABLE ONLY public.django_session
    ADD CONSTRAINT django_session_pkey PRIMARY KEY (session_key);


--
-- Name: friend_friend friend_friend_pkey; Type: CONSTRAINT; Schema: public; Owner: beautipong
--

ALTER TABLE ONLY public.friend_friend
    ADD CONSTRAINT friend_friend_pkey PRIMARY KEY (id);


--
-- Name: game_game game_game_pkey; Type: CONSTRAINT; Schema: public; Owner: beautipong
--

ALTER TABLE ONLY public.game_game
    ADD CONSTRAINT game_game_pkey PRIMARY KEY (id);


--
-- Name: message_message message_message_pkey; Type: CONSTRAINT; Schema: public; Owner: beautipong
--

ALTER TABLE ONLY public.message_message
    ADD CONSTRAINT message_message_pkey PRIMARY KEY (id);


--
-- Name: otp_otp otp_otp_pkey; Type: CONSTRAINT; Schema: public; Owner: beautipong
--

ALTER TABLE ONLY public.otp_otp
    ADD CONSTRAINT otp_otp_pkey PRIMARY KEY (id);


--
-- Name: scoreHistory_scorehistory scoreHistory_scorehistory_pkey; Type: CONSTRAINT; Schema: public; Owner: beautipong
--

ALTER TABLE ONLY public."scoreHistory_scorehistory"
    ADD CONSTRAINT "scoreHistory_scorehistory_pkey" PRIMARY KEY (id);


--
-- Name: token_blacklist_blacklistedtoken token_blacklist_blacklistedtoken_pkey; Type: CONSTRAINT; Schema: public; Owner: beautipong
--

ALTER TABLE ONLY public.token_blacklist_blacklistedtoken
    ADD CONSTRAINT token_blacklist_blacklistedtoken_pkey PRIMARY KEY (id);


--
-- Name: token_blacklist_blacklistedtoken token_blacklist_blacklistedtoken_token_id_key; Type: CONSTRAINT; Schema: public; Owner: beautipong
--

ALTER TABLE ONLY public.token_blacklist_blacklistedtoken
    ADD CONSTRAINT token_blacklist_blacklistedtoken_token_id_key UNIQUE (token_id);


--
-- Name: token_blacklist_outstandingtoken token_blacklist_outstandingtoken_jti_hex_d9bdf6f7_uniq; Type: CONSTRAINT; Schema: public; Owner: beautipong
--

ALTER TABLE ONLY public.token_blacklist_outstandingtoken
    ADD CONSTRAINT token_blacklist_outstandingtoken_jti_hex_d9bdf6f7_uniq UNIQUE (jti);


--
-- Name: token_blacklist_outstandingtoken token_blacklist_outstandingtoken_pkey; Type: CONSTRAINT; Schema: public; Owner: beautipong
--

ALTER TABLE ONLY public.token_blacklist_outstandingtoken
    ADD CONSTRAINT token_blacklist_outstandingtoken_pkey PRIMARY KEY (id);


--
-- Name: users_customuser users_customuser_email_key; Type: CONSTRAINT; Schema: public; Owner: beautipong
--

ALTER TABLE ONLY public.users_customuser
    ADD CONSTRAINT users_customuser_email_key UNIQUE (email);


--
-- Name: users_customuser_groups users_customuser_groups_customuser_id_group_id_76b619e3_uniq; Type: CONSTRAINT; Schema: public; Owner: beautipong
--

ALTER TABLE ONLY public.users_customuser_groups
    ADD CONSTRAINT users_customuser_groups_customuser_id_group_id_76b619e3_uniq UNIQUE (customuser_id, group_id);


--
-- Name: users_customuser_groups users_customuser_groups_pkey; Type: CONSTRAINT; Schema: public; Owner: beautipong
--

ALTER TABLE ONLY public.users_customuser_groups
    ADD CONSTRAINT users_customuser_groups_pkey PRIMARY KEY (id);


--
-- Name: users_customuser users_customuser_nickname_key; Type: CONSTRAINT; Schema: public; Owner: beautipong
--

ALTER TABLE ONLY public.users_customuser
    ADD CONSTRAINT users_customuser_nickname_key UNIQUE (nickname);


--
-- Name: users_customuser users_customuser_pkey; Type: CONSTRAINT; Schema: public; Owner: beautipong
--

ALTER TABLE ONLY public.users_customuser
    ADD CONSTRAINT users_customuser_pkey PRIMARY KEY (id);


--
-- Name: users_customuser users_customuser_userID_41614333_uniq; Type: CONSTRAINT; Schema: public; Owner: beautipong
--

ALTER TABLE ONLY public.users_customuser
    ADD CONSTRAINT "users_customuser_userID_41614333_uniq" UNIQUE ("userID");


--
-- Name: users_customuser_user_permissions users_customuser_user_pe_customuser_id_permission_7a7debf6_uniq; Type: CONSTRAINT; Schema: public; Owner: beautipong
--

ALTER TABLE ONLY public.users_customuser_user_permissions
    ADD CONSTRAINT users_customuser_user_pe_customuser_id_permission_7a7debf6_uniq UNIQUE (customuser_id, permission_id);


--
-- Name: users_customuser_user_permissions users_customuser_user_permissions_pkey; Type: CONSTRAINT; Schema: public; Owner: beautipong
--

ALTER TABLE ONLY public.users_customuser_user_permissions
    ADD CONSTRAINT users_customuser_user_permissions_pkey PRIMARY KEY (id);


--
-- Name: auth_group_name_a6ea08ec_like; Type: INDEX; Schema: public; Owner: beautipong
--

CREATE INDEX auth_group_name_a6ea08ec_like ON public.auth_group USING btree (name varchar_pattern_ops);


--
-- Name: auth_group_permissions_group_id_b120cbf9; Type: INDEX; Schema: public; Owner: beautipong
--

CREATE INDEX auth_group_permissions_group_id_b120cbf9 ON public.auth_group_permissions USING btree (group_id);


--
-- Name: auth_group_permissions_permission_id_84c5c92e; Type: INDEX; Schema: public; Owner: beautipong
--

CREATE INDEX auth_group_permissions_permission_id_84c5c92e ON public.auth_group_permissions USING btree (permission_id);


--
-- Name: auth_permission_content_type_id_2f476e4b; Type: INDEX; Schema: public; Owner: beautipong
--

CREATE INDEX auth_permission_content_type_id_2f476e4b ON public.auth_permission USING btree (content_type_id);


--
-- Name: chattingRoom_chattingroom_user1_id_0ff1fc68; Type: INDEX; Schema: public; Owner: beautipong
--

CREATE INDEX "chattingRoom_chattingroom_user1_id_0ff1fc68" ON public."chattingRoom_chattingroom" USING btree (user1_id);


--
-- Name: chattingRoom_chattingroom_user2_id_4507923d; Type: INDEX; Schema: public; Owner: beautipong
--

CREATE INDEX "chattingRoom_chattingroom_user2_id_4507923d" ON public."chattingRoom_chattingroom" USING btree (user2_id);


--
-- Name: django_admin_log_content_type_id_c4bce8eb; Type: INDEX; Schema: public; Owner: beautipong
--

CREATE INDEX django_admin_log_content_type_id_c4bce8eb ON public.django_admin_log USING btree (content_type_id);


--
-- Name: django_admin_log_user_id_c564eba6; Type: INDEX; Schema: public; Owner: beautipong
--

CREATE INDEX django_admin_log_user_id_c564eba6 ON public.django_admin_log USING btree (user_id);


--
-- Name: django_session_expire_date_a5c62663; Type: INDEX; Schema: public; Owner: beautipong
--

CREATE INDEX django_session_expire_date_a5c62663 ON public.django_session USING btree (expire_date);


--
-- Name: django_session_session_key_c0390e0f_like; Type: INDEX; Schema: public; Owner: beautipong
--

CREATE INDEX django_session_session_key_c0390e0f_like ON public.django_session USING btree (session_key varchar_pattern_ops);


--
-- Name: friend_friend_user1_id_06d6bec5; Type: INDEX; Schema: public; Owner: beautipong
--

CREATE INDEX friend_friend_user1_id_06d6bec5 ON public.friend_friend USING btree (user1_id);


--
-- Name: friend_friend_user2_id_f2e93b15; Type: INDEX; Schema: public; Owner: beautipong
--

CREATE INDEX friend_friend_user2_id_f2e93b15 ON public.friend_friend USING btree (user2_id);


--
-- Name: game_game_user1_id_3c6cac14; Type: INDEX; Schema: public; Owner: beautipong
--

CREATE INDEX game_game_user1_id_3c6cac14 ON public.game_game USING btree (user1_id);


--
-- Name: game_game_user2_id_2e325fd9; Type: INDEX; Schema: public; Owner: beautipong
--

CREATE INDEX game_game_user2_id_2e325fd9 ON public.game_game USING btree (user2_id);


--
-- Name: message_message_room_id_818bc4c4; Type: INDEX; Schema: public; Owner: beautipong
--

CREATE INDEX message_message_room_id_818bc4c4 ON public.message_message USING btree (room_id);


--
-- Name: message_message_sender_id_b8690ab2; Type: INDEX; Schema: public; Owner: beautipong
--

CREATE INDEX message_message_sender_id_b8690ab2 ON public.message_message USING btree (sender_id);


--
-- Name: otp_otp_user_id_fe9d6c52; Type: INDEX; Schema: public; Owner: beautipong
--

CREATE INDEX otp_otp_user_id_fe9d6c52 ON public.otp_otp USING btree (user_id);


--
-- Name: scoreHistory_scorehistory_user_id_934dc866; Type: INDEX; Schema: public; Owner: beautipong
--

CREATE INDEX "scoreHistory_scorehistory_user_id_934dc866" ON public."scoreHistory_scorehistory" USING btree (user_id);


--
-- Name: token_blacklist_outstandingtoken_jti_hex_d9bdf6f7_like; Type: INDEX; Schema: public; Owner: beautipong
--

CREATE INDEX token_blacklist_outstandingtoken_jti_hex_d9bdf6f7_like ON public.token_blacklist_outstandingtoken USING btree (jti varchar_pattern_ops);


--
-- Name: token_blacklist_outstandingtoken_user_id_83bc629a; Type: INDEX; Schema: public; Owner: beautipong
--

CREATE INDEX token_blacklist_outstandingtoken_user_id_83bc629a ON public.token_blacklist_outstandingtoken USING btree (user_id);


--
-- Name: users_customuser_email_6445acef_like; Type: INDEX; Schema: public; Owner: beautipong
--

CREATE INDEX users_customuser_email_6445acef_like ON public.users_customuser USING btree (email varchar_pattern_ops);


--
-- Name: users_customuser_groups_customuser_id_958147bf; Type: INDEX; Schema: public; Owner: beautipong
--

CREATE INDEX users_customuser_groups_customuser_id_958147bf ON public.users_customuser_groups USING btree (customuser_id);


--
-- Name: users_customuser_groups_group_id_01390b14; Type: INDEX; Schema: public; Owner: beautipong
--

CREATE INDEX users_customuser_groups_group_id_01390b14 ON public.users_customuser_groups USING btree (group_id);


--
-- Name: users_customuser_nickname_ecc84e12_like; Type: INDEX; Schema: public; Owner: beautipong
--

CREATE INDEX users_customuser_nickname_ecc84e12_like ON public.users_customuser USING btree (nickname varchar_pattern_ops);


--
-- Name: users_customuser_userID_41614333_like; Type: INDEX; Schema: public; Owner: beautipong
--

CREATE INDEX "users_customuser_userID_41614333_like" ON public.users_customuser USING btree ("userID" varchar_pattern_ops);


--
-- Name: users_customuser_user_permissions_customuser_id_5771478b; Type: INDEX; Schema: public; Owner: beautipong
--

CREATE INDEX users_customuser_user_permissions_customuser_id_5771478b ON public.users_customuser_user_permissions USING btree (customuser_id);


--
-- Name: users_customuser_user_permissions_permission_id_baaa2f74; Type: INDEX; Schema: public; Owner: beautipong
--

CREATE INDEX users_customuser_user_permissions_permission_id_baaa2f74 ON public.users_customuser_user_permissions USING btree (permission_id);


--
-- Name: auth_group_permissions auth_group_permissio_permission_id_84c5c92e_fk_auth_perm; Type: FK CONSTRAINT; Schema: public; Owner: beautipong
--

ALTER TABLE ONLY public.auth_group_permissions
    ADD CONSTRAINT auth_group_permissio_permission_id_84c5c92e_fk_auth_perm FOREIGN KEY (permission_id) REFERENCES public.auth_permission(id) DEFERRABLE INITIALLY DEFERRED;


--
-- Name: auth_group_permissions auth_group_permissions_group_id_b120cbf9_fk_auth_group_id; Type: FK CONSTRAINT; Schema: public; Owner: beautipong
--

ALTER TABLE ONLY public.auth_group_permissions
    ADD CONSTRAINT auth_group_permissions_group_id_b120cbf9_fk_auth_group_id FOREIGN KEY (group_id) REFERENCES public.auth_group(id) DEFERRABLE INITIALLY DEFERRED;


--
-- Name: auth_permission auth_permission_content_type_id_2f476e4b_fk_django_co; Type: FK CONSTRAINT; Schema: public; Owner: beautipong
--

ALTER TABLE ONLY public.auth_permission
    ADD CONSTRAINT auth_permission_content_type_id_2f476e4b_fk_django_co FOREIGN KEY (content_type_id) REFERENCES public.django_content_type(id) DEFERRABLE INITIALLY DEFERRED;


--
-- Name: chattingRoom_chattingroom chattingRoom_chattin_user1_id_0ff1fc68_fk_users_cus; Type: FK CONSTRAINT; Schema: public; Owner: beautipong
--

ALTER TABLE ONLY public."chattingRoom_chattingroom"
    ADD CONSTRAINT "chattingRoom_chattin_user1_id_0ff1fc68_fk_users_cus" FOREIGN KEY (user1_id) REFERENCES public.users_customuser(id) DEFERRABLE INITIALLY DEFERRED;


--
-- Name: chattingRoom_chattingroom chattingRoom_chattin_user2_id_4507923d_fk_users_cus; Type: FK CONSTRAINT; Schema: public; Owner: beautipong
--

ALTER TABLE ONLY public."chattingRoom_chattingroom"
    ADD CONSTRAINT "chattingRoom_chattin_user2_id_4507923d_fk_users_cus" FOREIGN KEY (user2_id) REFERENCES public.users_customuser(id) DEFERRABLE INITIALLY DEFERRED;


--
-- Name: django_admin_log django_admin_log_content_type_id_c4bce8eb_fk_django_co; Type: FK CONSTRAINT; Schema: public; Owner: beautipong
--

ALTER TABLE ONLY public.django_admin_log
    ADD CONSTRAINT django_admin_log_content_type_id_c4bce8eb_fk_django_co FOREIGN KEY (content_type_id) REFERENCES public.django_content_type(id) DEFERRABLE INITIALLY DEFERRED;


--
-- Name: django_admin_log django_admin_log_user_id_c564eba6_fk_users_customuser_id; Type: FK CONSTRAINT; Schema: public; Owner: beautipong
--

ALTER TABLE ONLY public.django_admin_log
    ADD CONSTRAINT django_admin_log_user_id_c564eba6_fk_users_customuser_id FOREIGN KEY (user_id) REFERENCES public.users_customuser(id) DEFERRABLE INITIALLY DEFERRED;


--
-- Name: friend_friend friend_friend_user1_id_06d6bec5_fk_users_customuser_id; Type: FK CONSTRAINT; Schema: public; Owner: beautipong
--

ALTER TABLE ONLY public.friend_friend
    ADD CONSTRAINT friend_friend_user1_id_06d6bec5_fk_users_customuser_id FOREIGN KEY (user1_id) REFERENCES public.users_customuser(id) DEFERRABLE INITIALLY DEFERRED;


--
-- Name: friend_friend friend_friend_user2_id_f2e93b15_fk_users_customuser_id; Type: FK CONSTRAINT; Schema: public; Owner: beautipong
--

ALTER TABLE ONLY public.friend_friend
    ADD CONSTRAINT friend_friend_user2_id_f2e93b15_fk_users_customuser_id FOREIGN KEY (user2_id) REFERENCES public.users_customuser(id) DEFERRABLE INITIALLY DEFERRED;


--
-- Name: game_game game_game_user1_id_3c6cac14_fk_users_customuser_id; Type: FK CONSTRAINT; Schema: public; Owner: beautipong
--

ALTER TABLE ONLY public.game_game
    ADD CONSTRAINT game_game_user1_id_3c6cac14_fk_users_customuser_id FOREIGN KEY (user1_id) REFERENCES public.users_customuser(id) DEFERRABLE INITIALLY DEFERRED;


--
-- Name: game_game game_game_user2_id_2e325fd9_fk_users_customuser_id; Type: FK CONSTRAINT; Schema: public; Owner: beautipong
--

ALTER TABLE ONLY public.game_game
    ADD CONSTRAINT game_game_user2_id_2e325fd9_fk_users_customuser_id FOREIGN KEY (user2_id) REFERENCES public.users_customuser(id) DEFERRABLE INITIALLY DEFERRED;


--
-- Name: message_message message_message_room_id_818bc4c4_fk_chattingR; Type: FK CONSTRAINT; Schema: public; Owner: beautipong
--

ALTER TABLE ONLY public.message_message
    ADD CONSTRAINT "message_message_room_id_818bc4c4_fk_chattingR" FOREIGN KEY (room_id) REFERENCES public."chattingRoom_chattingroom"(id) DEFERRABLE INITIALLY DEFERRED;


--
-- Name: message_message message_message_sender_id_b8690ab2_fk_users_customuser_id; Type: FK CONSTRAINT; Schema: public; Owner: beautipong
--

ALTER TABLE ONLY public.message_message
    ADD CONSTRAINT message_message_sender_id_b8690ab2_fk_users_customuser_id FOREIGN KEY (sender_id) REFERENCES public.users_customuser(id) DEFERRABLE INITIALLY DEFERRED;


--
-- Name: otp_otp otp_otp_user_id_fe9d6c52_fk_users_customuser_id; Type: FK CONSTRAINT; Schema: public; Owner: beautipong
--

ALTER TABLE ONLY public.otp_otp
    ADD CONSTRAINT otp_otp_user_id_fe9d6c52_fk_users_customuser_id FOREIGN KEY (user_id) REFERENCES public.users_customuser(id) DEFERRABLE INITIALLY DEFERRED;


--
-- Name: scoreHistory_scorehistory scoreHistory_scorehi_user_id_934dc866_fk_users_cus; Type: FK CONSTRAINT; Schema: public; Owner: beautipong
--

ALTER TABLE ONLY public."scoreHistory_scorehistory"
    ADD CONSTRAINT "scoreHistory_scorehi_user_id_934dc866_fk_users_cus" FOREIGN KEY (user_id) REFERENCES public.users_customuser(id) DEFERRABLE INITIALLY DEFERRED;


--
-- Name: token_blacklist_blacklistedtoken token_blacklist_blacklistedtoken_token_id_3cc7fe56_fk; Type: FK CONSTRAINT; Schema: public; Owner: beautipong
--

ALTER TABLE ONLY public.token_blacklist_blacklistedtoken
    ADD CONSTRAINT token_blacklist_blacklistedtoken_token_id_3cc7fe56_fk FOREIGN KEY (token_id) REFERENCES public.token_blacklist_outstandingtoken(id) DEFERRABLE INITIALLY DEFERRED;


--
-- Name: token_blacklist_outstandingtoken token_blacklist_outs_user_id_83bc629a_fk_users_cus; Type: FK CONSTRAINT; Schema: public; Owner: beautipong
--

ALTER TABLE ONLY public.token_blacklist_outstandingtoken
    ADD CONSTRAINT token_blacklist_outs_user_id_83bc629a_fk_users_cus FOREIGN KEY (user_id) REFERENCES public.users_customuser(id) DEFERRABLE INITIALLY DEFERRED;


--
-- Name: users_customuser_groups users_customuser_gro_customuser_id_958147bf_fk_users_cus; Type: FK CONSTRAINT; Schema: public; Owner: beautipong
--

ALTER TABLE ONLY public.users_customuser_groups
    ADD CONSTRAINT users_customuser_gro_customuser_id_958147bf_fk_users_cus FOREIGN KEY (customuser_id) REFERENCES public.users_customuser(id) DEFERRABLE INITIALLY DEFERRED;


--
-- Name: users_customuser_groups users_customuser_groups_group_id_01390b14_fk_auth_group_id; Type: FK CONSTRAINT; Schema: public; Owner: beautipong
--

ALTER TABLE ONLY public.users_customuser_groups
    ADD CONSTRAINT users_customuser_groups_group_id_01390b14_fk_auth_group_id FOREIGN KEY (group_id) REFERENCES public.auth_group(id) DEFERRABLE INITIALLY DEFERRED;


--
-- Name: users_customuser_user_permissions users_customuser_use_customuser_id_5771478b_fk_users_cus; Type: FK CONSTRAINT; Schema: public; Owner: beautipong
--

ALTER TABLE ONLY public.users_customuser_user_permissions
    ADD CONSTRAINT users_customuser_use_customuser_id_5771478b_fk_users_cus FOREIGN KEY (customuser_id) REFERENCES public.users_customuser(id) DEFERRABLE INITIALLY DEFERRED;


--
-- Name: users_customuser_user_permissions users_customuser_use_permission_id_baaa2f74_fk_auth_perm; Type: FK CONSTRAINT; Schema: public; Owner: beautipong
--

ALTER TABLE ONLY public.users_customuser_user_permissions
    ADD CONSTRAINT users_customuser_use_permission_id_baaa2f74_fk_auth_perm FOREIGN KEY (permission_id) REFERENCES public.auth_permission(id) DEFERRABLE INITIALLY DEFERRED;


--
-- PostgreSQL database dump complete
--

